,complexity,trueFunction,seed,tableLength,numGenerations,inferredFunc,numInputParameters
0,1,"sub(r0,i0)",0,20,100,"add(r0, mul(-1, i0))",1
1,1,"sub(r0,i0)",0,20,200,"add(r0, mul(-1, i0))",1
2,1,"sub(r0,i0)",0,20,300,"add(r0, mul(-1, i0))",1
3,1,"sub(r0,i0)",0,40,100,"add(r0, mul(-1, i0))",1
4,1,"sub(r0,i0)",0,40,200,"add(r0, mul(-1, i0))",1
5,1,"sub(r0,i0)",0,40,300,"add(r0, mul(-1, i0))",1
6,1,"sub(r0,i0)",0,60,100,"add(r0, mul(-1, i0))",1
7,1,"sub(r0,i0)",0,60,200,"add(r0, mul(-1, i0))",1
8,1,"sub(r0,i0)",0,60,300,"add(r0, mul(-1, i0))",1
9,1,"sub(r0,i0)",1,20,100,"add(r0, mul(-1, i0))",1
10,1,"sub(r0,i0)",1,20,200,"add(r0, mul(-1, i0))",1
11,1,"sub(r0,i0)",1,20,300,"add(r0, mul(-1, i0))",1
12,1,"sub(r0,i0)",1,40,100,"add(r0, mul(-1, i0))",1
13,1,"sub(r0,i0)",1,40,200,"add(r0, mul(-1, i0))",1
14,1,"sub(r0,i0)",1,40,300,"add(r0, mul(-1, i0))",1
15,1,"sub(r0,i0)",1,60,100,"add(r0, mul(-1, i0))",1
16,1,"sub(r0,i0)",1,60,200,"add(r0, mul(-1, i0))",1
17,1,"sub(r0,i0)",1,60,300,"add(r0, mul(-1, i0))",1
18,1,"sub(r0,i0)",2,20,100,"add(r0, mul(-1, i0))",1
19,1,"sub(r0,i0)",2,20,200,"add(r0, mul(-1, i0))",1
20,1,"sub(r0,i0)",2,20,300,"add(r0, mul(-1, i0))",1
21,1,"sub(r0,i0)",2,40,100,"add(r0, mul(-1, i0))",1
22,1,"sub(r0,i0)",2,40,200,"add(r0, mul(-1, i0))",1
23,1,"sub(r0,i0)",2,40,300,"add(r0, mul(-1, i0))",1
24,1,"sub(r0,i0)",2,60,100,"add(r0, mul(-1, i0))",1
25,1,"sub(r0,i0)",2,60,200,"add(r0, mul(-1, i0))",1
26,1,"sub(r0,i0)",2,60,300,"add(r0, mul(-1, i0))",1
27,1,"sub(r0,i0)",3,20,100,"add(r0, mul(-1, i0))",1
28,1,"sub(r0,i0)",3,20,200,"add(r0, mul(-1, i0))",1
29,1,"sub(r0,i0)",3,20,300,"add(r0, mul(-1, i0))",1
30,1,"sub(r0,i0)",3,40,100,"add(r0, mul(-1, i0))",1
31,1,"sub(r0,i0)",3,40,200,"add(r0, mul(-1, i0))",1
32,1,"sub(r0,i0)",3,40,300,"add(r0, mul(-1, i0))",1
33,1,"sub(r0,i0)",3,60,100,"add(r0, mul(-1, i0))",1
34,1,"sub(r0,i0)",3,60,200,"add(r0, mul(-1, i0))",1
35,1,"sub(r0,i0)",3,60,300,"add(r0, mul(-1, i0))",1
36,1,"sub(r0,i0)",4,20,100,"add(r0, mul(-1, i0))",1
37,1,"sub(r0,i0)",4,20,200,"add(r0, mul(-1, i0))",1
38,1,"sub(r0,i0)",4,20,300,"add(r0, mul(-1, i0))",1
39,1,"sub(r0,i0)",4,40,100,"add(r0, mul(-1, i0))",1
40,1,"sub(r0,i0)",4,40,200,"add(r0, mul(-1, i0))",1
41,1,"sub(r0,i0)",4,40,300,"add(r0, mul(-1, i0))",1
42,1,"sub(r0,i0)",4,60,100,"add(r0, mul(-1, i0))",1
43,1,"sub(r0,i0)",4,60,200,"add(r0, mul(-1, i0))",1
44,1,"sub(r0,i0)",4,60,300,"add(r0, mul(-1, i0))",1
45,1,"sub(i0,r0)",0,20,100,"add(i0, mul(-1, r0))",1
46,1,"sub(i0,r0)",0,20,200,"add(i0, mul(-1, r0))",1
47,1,"sub(i0,r0)",0,20,300,"add(i0, mul(-1, r0))",1
48,1,"sub(i0,r0)",0,40,100,"add(i0, mul(-1, r0))",1
49,1,"sub(i0,r0)",0,40,200,"add(i0, mul(-1, r0))",1
50,1,"sub(i0,r0)",0,40,300,"add(i0, mul(-1, r0))",1
51,1,"sub(i0,r0)",0,60,100,"add(i0, mul(-1, r0))",1
52,1,"sub(i0,r0)",0,60,200,"add(i0, mul(-1, r0))",1
53,1,"sub(i0,r0)",0,60,300,"add(i0, mul(-1, r0))",1
54,1,"sub(i0,r0)",1,20,100,"add(i0, mul(-1, r0))",1
55,1,"sub(i0,r0)",1,20,200,"add(i0, mul(-1, r0))",1
56,1,"sub(i0,r0)",1,20,300,"add(i0, mul(-1, r0))",1
57,1,"sub(i0,r0)",1,40,100,"add(i0, mul(-1, r0))",1
58,1,"sub(i0,r0)",1,40,200,"add(i0, mul(-1, r0))",1
59,1,"sub(i0,r0)",1,40,300,"add(i0, mul(-1, r0))",1
60,1,"sub(i0,r0)",1,60,100,"add(i0, mul(-1, r0))",1
61,1,"sub(i0,r0)",1,60,200,"add(i0, mul(-1, r0))",1
62,1,"sub(i0,r0)",1,60,300,"add(i0, mul(-1, r0))",1
63,1,"sub(i0,r0)",2,20,100,"add(i0, mul(-1, r0))",1
64,1,"sub(i0,r0)",2,20,200,"add(i0, mul(-1, r0))",1
65,1,"sub(i0,r0)",2,20,300,"add(i0, mul(-1, r0))",1
66,1,"sub(i0,r0)",2,40,100,"add(i0, mul(-1, r0))",1
67,1,"sub(i0,r0)",2,40,200,"add(i0, mul(-1, r0))",1
68,1,"sub(i0,r0)",2,40,300,"add(i0, mul(-1, r0))",1
69,1,"sub(i0,r0)",2,60,100,"add(i0, mul(-1, r0))",1
70,1,"sub(i0,r0)",2,60,200,"add(i0, mul(-1, r0))",1
71,1,"sub(i0,r0)",2,60,300,"add(i0, mul(-1, r0))",1
72,1,"sub(i0,r0)",3,20,100,"add(i0, mul(-1, r0))",1
73,1,"sub(i0,r0)",3,20,200,"add(i0, mul(-1, r0))",1
74,1,"sub(i0,r0)",3,20,300,"add(i0, mul(-1, r0))",1
75,1,"sub(i0,r0)",3,40,100,"add(i0, mul(-1, r0))",1
76,1,"sub(i0,r0)",3,40,200,"add(i0, mul(-1, r0))",1
77,1,"sub(i0,r0)",3,40,300,"add(i0, mul(-1, r0))",1
78,1,"sub(i0,r0)",3,60,100,"add(i0, mul(-1, r0))",1
79,1,"sub(i0,r0)",3,60,200,"add(i0, mul(-1, r0))",1
80,1,"sub(i0,r0)",3,60,300,"add(i0, mul(-1, r0))",1
81,1,"sub(i0,r0)",4,20,100,"add(i0, mul(-1, r0))",1
82,1,"sub(i0,r0)",4,20,200,"add(i0, mul(-1, r0))",1
83,1,"sub(i0,r0)",4,20,300,"add(i0, mul(-1, r0))",1
84,1,"sub(i0,r0)",4,40,100,"add(i0, mul(-1, r0))",1
85,1,"sub(i0,r0)",4,40,200,"add(i0, mul(-1, r0))",1
86,1,"sub(i0,r0)",4,40,300,"add(i0, mul(-1, r0))",1
87,1,"sub(i0,r0)",4,60,100,"add(i0, mul(-1, r0))",1
88,1,"sub(i0,r0)",4,60,200,"add(i0, mul(-1, r0))",1
89,1,"sub(i0,r0)",4,60,300,"add(i0, mul(-1, r0))",1
90,1,"mul(r0,i0)",0,20,100,"mul(i0, r0)",1
91,1,"mul(r0,i0)",0,20,200,"mul(i0, r0)",1
92,1,"mul(r0,i0)",0,20,300,"mul(i0, r0)",1
93,1,"mul(r0,i0)",0,40,100,"mul(i0, r0)",1
94,1,"mul(r0,i0)",0,40,200,"mul(i0, r0)",1
95,1,"mul(r0,i0)",0,40,300,"mul(i0, r0)",1
96,1,"mul(r0,i0)",0,60,100,"mul(i0, r0)",1
97,1,"mul(r0,i0)",0,60,200,"mul(i0, r0)",1
98,1,"mul(r0,i0)",0,60,300,"mul(i0, r0)",1
99,1,"mul(r0,i0)",1,20,100,"mul(i0, r0)",1
100,1,"mul(r0,i0)",1,20,200,"mul(i0, r0)",1
101,1,"mul(r0,i0)",1,20,300,"mul(i0, r0)",1
102,1,"mul(r0,i0)",1,40,100,"mul(i0, r0)",1
103,1,"mul(r0,i0)",1,40,200,"mul(i0, r0)",1
104,1,"mul(r0,i0)",1,40,300,"mul(i0, r0)",1
105,1,"mul(r0,i0)",1,60,100,"mul(i0, r0)",1
106,1,"mul(r0,i0)",1,60,200,"mul(i0, r0)",1
107,1,"mul(r0,i0)",1,60,300,"mul(i0, r0)",1
108,1,"mul(r0,i0)",2,20,100,"mul(i0, r0)",1
109,1,"mul(r0,i0)",2,20,200,"mul(i0, r0)",1
110,1,"mul(r0,i0)",2,20,300,"mul(i0, r0)",1
111,1,"mul(r0,i0)",2,40,100,"mul(i0, r0)",1
112,1,"mul(r0,i0)",2,40,200,"mul(i0, r0)",1
113,1,"mul(r0,i0)",2,40,300,"mul(i0, r0)",1
114,1,"mul(r0,i0)",2,60,100,"mul(i0, r0)",1
115,1,"mul(r0,i0)",2,60,200,"mul(i0, r0)",1
116,1,"mul(r0,i0)",2,60,300,"mul(i0, r0)",1
117,1,"mul(r0,i0)",3,20,100,"mul(i0, r0)",1
118,1,"mul(r0,i0)",3,20,200,"mul(i0, r0)",1
119,1,"mul(r0,i0)",3,20,300,"mul(i0, r0)",1
120,1,"mul(r0,i0)",3,40,100,"mul(i0, r0)",1
121,1,"mul(r0,i0)",3,40,200,"mul(i0, r0)",1
122,1,"mul(r0,i0)",3,40,300,"mul(i0, r0)",1
123,1,"mul(r0,i0)",3,60,100,"mul(i0, r0)",1
124,1,"mul(r0,i0)",3,60,200,"mul(i0, r0)",1
125,1,"mul(r0,i0)",3,60,300,"mul(i0, r0)",1
126,1,"mul(r0,i0)",4,20,100,"mul(i0, r0)",1
127,1,"mul(r0,i0)",4,20,200,"mul(i0, r0)",1
128,1,"mul(r0,i0)",4,20,300,"mul(i0, r0)",1
129,1,"mul(r0,i0)",4,40,100,"mul(i0, r0)",1
130,1,"mul(r0,i0)",4,40,200,"mul(i0, r0)",1
131,1,"mul(r0,i0)",4,40,300,"mul(i0, r0)",1
132,1,"mul(r0,i0)",4,60,100,"mul(i0, r0)",1
133,1,"mul(r0,i0)",4,60,200,"mul(i0, r0)",1
134,1,"mul(r0,i0)",4,60,300,"mul(i0, r0)",1
135,2,"add(r0,mul(i0,r0))",0,20,100,"add(r0, mul(i0, r0))",1
136,2,"add(r0,mul(i0,r0))",0,20,200,"add(r0, mul(i0, r0))",1
137,2,"add(r0,mul(i0,r0))",0,20,300,"add(r0, mul(i0, r0))",1
138,2,"add(r0,mul(i0,r0))",0,40,100,"add(mul(i0, r0), i0)",1
139,2,"add(r0,mul(i0,r0))",0,40,200,"add(mul(i0, r0), i0)",1
140,2,"add(r0,mul(i0,r0))",0,40,300,"add(r0, mul(i0, r0))",1
141,2,"add(r0,mul(i0,r0))",0,60,100,"add(mul(i0, r0), i0)",1
142,2,"add(r0,mul(i0,r0))",0,60,200,"add(mul(i0, r0), r0)",1
143,2,"add(r0,mul(i0,r0))",0,60,300,"add(mul(i0, r0), r0)",1
144,2,"add(r0,mul(i0,r0))",1,20,100,"mul(i0, r0)",1
145,2,"add(r0,mul(i0,r0))",1,20,200,"add(i0, mul(i0, r0))",1
146,2,"add(r0,mul(i0,r0))",1,20,300,"add(8, mul(i0, r0))",1
147,2,"add(r0,mul(i0,r0))",1,40,100,"add(r0, mul(i0, r0))",1
148,2,"add(r0,mul(i0,r0))",1,40,200,"add(r0, mul(i0, r0))",1
149,2,"add(r0,mul(i0,r0))",1,40,300,"add(r0, mul(i0, r0))",1
150,2,"add(r0,mul(i0,r0))",1,60,100,"add(mul(i0, r0), i0)",1
151,2,"add(r0,mul(i0,r0))",1,60,200,"add(r0, mul(i0, r0))",1
152,2,"add(r0,mul(i0,r0))",1,60,300,"add(r0, mul(i0, r0))",1
153,2,"add(r0,mul(i0,r0))",2,20,100,"add(r0, mul(i0, r0))",1
154,2,"add(r0,mul(i0,r0))",2,20,200,"add(r0, mul(i0, r0))",1
155,2,"add(r0,mul(i0,r0))",2,20,300,"add(r0, mul(i0, r0))",1
156,2,"add(r0,mul(i0,r0))",2,40,100,"add(i0, mul(i0, r0))",1
157,2,"add(r0,mul(i0,r0))",2,40,200,"add(mul(i0, r0), r0)",1
158,2,"add(r0,mul(i0,r0))",2,40,300,"add(mul(i0, r0), r0)",1
159,2,"add(r0,mul(i0,r0))",2,60,100,"add(i0, mul(i0, r0))",1
160,2,"add(r0,mul(i0,r0))",2,60,200,"add(mul(i0, r0), r0)",1
161,2,"add(r0,mul(i0,r0))",2,60,300,"add(mul(i0, r0), r0)",1
162,2,"add(r0,mul(i0,r0))",3,20,100,"add(r0, mul(i0, r0))",1
163,2,"add(r0,mul(i0,r0))",3,20,200,"add(r0, mul(i0, r0))",1
164,2,"add(r0,mul(i0,r0))",3,20,300,"add(r0, mul(i0, r0))",1
165,2,"add(r0,mul(i0,r0))",3,40,100,"add(mul(i0, r0), i0)",1
166,2,"add(r0,mul(i0,r0))",3,40,200,"add(mul(i0, r0), i0)",1
167,2,"add(r0,mul(i0,r0))",3,40,300,"add(3, mul(i0, r0))",1
168,2,"add(r0,mul(i0,r0))",3,60,100,"mul(i0, r0)",1
169,2,"add(r0,mul(i0,r0))",3,60,200,"add(mul(i0, r0), r0)",1
170,2,"add(r0,mul(i0,r0))",3,60,300,"add(mul(i0, r0), r0)",1
171,2,"add(r0,mul(i0,r0))",4,20,100,"add(mul(i0, r0), r0)",1
172,2,"add(r0,mul(i0,r0))",4,20,200,"add(mul(i0, r0), r0)",1
173,2,"add(r0,mul(i0,r0))",4,20,300,"add(mul(i0, r0), r0)",1
174,2,"add(r0,mul(i0,r0))",4,40,100,"add(r0, mul(i0, r0))",1
175,2,"add(r0,mul(i0,r0))",4,40,200,"add(r0, mul(i0, r0))",1
176,2,"add(r0,mul(i0,r0))",4,40,300,"add(r0, mul(i0, r0))",1
177,2,"add(r0,mul(i0,r0))",4,60,100,"add(r0, mul(i0, r0))",1
178,2,"add(r0,mul(i0,r0))",4,60,200,"add(r0, mul(i0, r0))",1
179,2,"add(r0,mul(i0,r0))",4,60,300,"add(r0, mul(i0, r0))",1
180,2,"add(i0,mul(i0,r0))",0,20,100,"add(i0, mul(i0, r0))",1
181,2,"add(i0,mul(i0,r0))",0,20,200,"add(i0, mul(i0, r0))",1
182,2,"add(i0,mul(i0,r0))",0,20,300,"add(i0, mul(i0, r0))",1
183,2,"add(i0,mul(i0,r0))",0,40,100,"add(mul(i0, r0), r0)",1
184,2,"add(i0,mul(i0,r0))",0,40,200,"add(mul(i0, r0), i0)",1
185,2,"add(i0,mul(i0,r0))",0,40,300,"add(mul(i0, r0), i0)",1
186,2,"add(i0,mul(i0,r0))",0,60,100,"add(mul(i0, r0), i0)",1
187,2,"add(i0,mul(i0,r0))",0,60,200,"add(mul(i0, r0), i0)",1
188,2,"add(i0,mul(i0,r0))",0,60,300,"add(mul(i0, r0), i0)",1
189,2,"add(i0,mul(i0,r0))",1,20,100,"add(mul(i0, r0), i0)",1
190,2,"add(i0,mul(i0,r0))",1,20,200,"add(mul(i0, r0), i0)",1
191,2,"add(i0,mul(i0,r0))",1,20,300,"add(mul(i0, r0), i0)",1
192,2,"add(i0,mul(i0,r0))",1,40,100,"add(i0, mul(i0, r0))",1
193,2,"add(i0,mul(i0,r0))",1,40,200,"add(i0, mul(i0, r0))",1
194,2,"add(i0,mul(i0,r0))",1,40,300,"add(i0, mul(i0, r0))",1
195,2,"add(i0,mul(i0,r0))",1,60,100,"add(mul(i0, r0), i0)",1
196,2,"add(i0,mul(i0,r0))",1,60,200,"add(mul(i0, r0), i0)",1
197,2,"add(i0,mul(i0,r0))",1,60,300,"add(mul(i0, r0), i0)",1
198,2,"add(i0,mul(i0,r0))",2,20,100,"add(mul(i0, r0), r0)",1
199,2,"add(i0,mul(i0,r0))",2,20,200,"add(i0, mul(i0, r0))",1
200,2,"add(i0,mul(i0,r0))",2,20,300,"add(i0, mul(i0, r0))",1
201,2,"add(i0,mul(i0,r0))",2,40,100,"add(i0, mul(i0, r0))",1
202,2,"add(i0,mul(i0,r0))",2,40,200,"add(i0, mul(i0, r0))",1
203,2,"add(i0,mul(i0,r0))",2,40,300,"add(i0, mul(i0, r0))",1
204,2,"add(i0,mul(i0,r0))",2,60,100,"add(mul(i0, r0), r0)",1
205,2,"add(i0,mul(i0,r0))",2,60,200,"add(i0, mul(i0, r0))",1
206,2,"add(i0,mul(i0,r0))",2,60,300,"add(i0, mul(i0, r0))",1
207,2,"add(i0,mul(i0,r0))",3,20,100,"add(mul(i0, r0), i0)",1
208,2,"add(i0,mul(i0,r0))",3,20,200,"add(mul(i0, r0), i0)",1
209,2,"add(i0,mul(i0,r0))",3,20,300,"add(mul(i0, r0), i0)",1
210,2,"add(i0,mul(i0,r0))",3,40,100,"mul(i0, r0)",1
211,2,"add(i0,mul(i0,r0))",3,40,200,"mul(i0, r0)",1
212,2,"add(i0,mul(i0,r0))",3,40,300,"mul(i0, add(1, r0))",1
213,2,"add(i0,mul(i0,r0))",3,60,100,"add(i0, mul(i0, r0))",1
214,2,"add(i0,mul(i0,r0))",3,60,200,"add(i0, mul(i0, r0))",1
215,2,"add(i0,mul(i0,r0))",3,60,300,"add(i0, mul(i0, r0))",1
216,2,"add(i0,mul(i0,r0))",4,20,100,"add(mul(i0, r0), i0)",1
217,2,"add(i0,mul(i0,r0))",4,20,200,"add(mul(i0, r0), i0)",1
218,2,"add(i0,mul(i0,r0))",4,20,300,"add(mul(i0, r0), i0)",1
219,2,"add(i0,mul(i0,r0))",4,40,100,"add(mul(i0, r0), i0)",1
220,2,"add(i0,mul(i0,r0))",4,40,200,"add(mul(i0, r0), i0)",1
221,2,"add(i0,mul(i0,r0))",4,40,300,"add(mul(i0, r0), i0)",1
222,2,"add(i0,mul(i0,r0))",4,60,100,"add(i0, mul(i0, r0))",1
223,2,"add(i0,mul(i0,r0))",4,60,200,"add(i0, mul(i0, r0))",1
224,2,"add(i0,mul(i0,r0))",4,60,300,"add(i0, mul(i0, r0))",1
225,2,"add(r0,mul(i0,r0))",0,20,100,"add(mul(i0, r0), r0)",1
226,2,"add(r0,mul(i0,r0))",0,20,200,"add(mul(i0, r0), r0)",1
227,2,"add(r0,mul(i0,r0))",0,20,300,"add(mul(i0, r0), r0)",1
228,2,"add(r0,mul(i0,r0))",0,40,100,"add(mul(i0, r0), r0)",1
229,2,"add(r0,mul(i0,r0))",0,40,200,"add(mul(i0, r0), r0)",1
230,2,"add(r0,mul(i0,r0))",0,40,300,"add(mul(i0, r0), r0)",1
231,2,"add(r0,mul(i0,r0))",0,60,100,"add(i0, mul(i0, r0))",1
232,2,"add(r0,mul(i0,r0))",0,60,200,"add(i0, mul(i0, r0))",1
233,2,"add(r0,mul(i0,r0))",0,60,300,"add(mul(i0, r0), r0)",1
234,2,"add(r0,mul(i0,r0))",1,20,100,"add(i0, mul(i0, r0))",1
235,2,"add(r0,mul(i0,r0))",1,20,200,"add(i0, mul(i0, r0))",1
236,2,"add(r0,mul(i0,r0))",1,20,300,"add(r0, mul(i0, r0))",1
237,2,"add(r0,mul(i0,r0))",1,40,100,"add(r0, mul(i0, r0))",1
238,2,"add(r0,mul(i0,r0))",1,40,200,"add(r0, mul(i0, r0))",1
239,2,"add(r0,mul(i0,r0))",1,40,300,"add(r0, mul(i0, r0))",1
240,2,"add(r0,mul(i0,r0))",1,60,100,"add(r0, mul(i0, r0))",1
241,2,"add(r0,mul(i0,r0))",1,60,200,"add(r0, mul(i0, r0))",1
242,2,"add(r0,mul(i0,r0))",1,60,300,"add(r0, mul(i0, r0))",1
243,2,"add(r0,mul(i0,r0))",2,20,100,"add(r0, mul(i0, r0))",1
244,2,"add(r0,mul(i0,r0))",2,20,200,"add(r0, mul(i0, r0))",1
245,2,"add(r0,mul(i0,r0))",2,20,300,"add(r0, mul(i0, r0))",1
246,2,"add(r0,mul(i0,r0))",2,40,100,"add(r0, mul(i0, r0))",1
247,2,"add(r0,mul(i0,r0))",2,40,200,"add(r0, mul(i0, r0))",1
248,2,"add(r0,mul(i0,r0))",2,40,300,"add(r0, mul(i0, r0))",1
249,2,"add(r0,mul(i0,r0))",2,60,100,"add(8, mul(i0, r0))",1
250,2,"add(r0,mul(i0,r0))",2,60,200,"add(mul(i0, r0), r0)",1
251,2,"add(r0,mul(i0,r0))",2,60,300,"add(mul(i0, r0), r0)",1
252,2,"add(r0,mul(i0,r0))",3,20,100,"add(8, mul(i0, r0))",1
253,2,"add(r0,mul(i0,r0))",3,20,200,"add(8, mul(i0, r0))",1
254,2,"add(r0,mul(i0,r0))",3,20,300,"add(mul(i0, r0), r0)",1
255,2,"add(r0,mul(i0,r0))",3,40,100,"add(mul(i0, r0), r0)",1
256,2,"add(r0,mul(i0,r0))",3,40,200,"add(mul(i0, r0), r0)",1
257,2,"add(r0,mul(i0,r0))",3,40,300,"add(mul(i0, r0), r0)",1
258,2,"add(r0,mul(i0,r0))",3,60,100,"add(r0, mul(i0, r0))",1
259,2,"add(r0,mul(i0,r0))",3,60,200,"add(r0, mul(i0, r0))",1
260,2,"add(r0,mul(i0,r0))",3,60,300,"add(r0, mul(i0, r0))",1
261,2,"add(r0,mul(i0,r0))",4,20,100,"add(6, add(mul(i0, r0), mul(-1, r0)))",1
262,2,"add(r0,mul(i0,r0))",4,20,200,"add(mul(i0, r0), r0)",1
263,2,"add(r0,mul(i0,r0))",4,20,300,"add(mul(i0, r0), r0)",1
264,2,"add(r0,mul(i0,r0))",4,40,100,"add(r0, mul(i0, r0))",1
265,2,"add(r0,mul(i0,r0))",4,40,200,"add(r0, mul(i0, r0))",1
266,2,"add(r0,mul(i0,r0))",4,40,300,"add(r0, mul(i0, r0))",1
267,2,"add(r0,mul(i0,r0))",4,60,100,"add(mul(i0, r0), i0)",1
268,2,"add(r0,mul(i0,r0))",4,60,200,"add(r0, mul(i0, r0))",1
269,2,"add(r0,mul(i0,r0))",4,60,300,"add(r0, mul(i0, r0))",1
270,3,"add(r0,add(i0,mul(i0,r0)))",0,20,100,"add(r0, mul(i0, r0))",1
271,3,"add(r0,add(i0,mul(i0,r0)))",0,20,200,"add(mul(-2, i0), mul(-1, mul(i0, r0)))",1
272,3,"add(r0,add(i0,mul(i0,r0)))",0,20,300,"add(mul(i0, r0), add(r0, i0))",1
273,3,"add(r0,add(i0,mul(i0,r0)))",0,40,100,"add(r0, mul(i0, r0))",1
274,3,"add(r0,add(i0,mul(i0,r0)))",0,40,200,"add(r0, mul(i0, r0))",1
275,3,"add(r0,add(i0,mul(i0,r0)))",0,40,300,"mul(r0, add(2, i0))",1
276,3,"add(r0,add(i0,mul(i0,r0)))",0,60,100,"add(i0, mul(i0, r0))",1
277,3,"add(r0,add(i0,mul(i0,r0)))",0,60,200,"add(mul(i0, r0), mul(2, i0))",1
278,3,"add(r0,add(i0,mul(i0,r0)))",0,60,300,"add(mul(i0, r0), mul(2, i0))",1
279,3,"add(r0,add(i0,mul(i0,r0)))",1,20,100,"mul(i0, add(2, r0))",1
280,3,"add(r0,add(i0,mul(i0,r0)))",1,20,200,"mul(i0, add(2, r0))",1
281,3,"add(r0,add(i0,mul(i0,r0)))",1,20,300,"mul(i0, add(2, r0))",1
282,3,"add(r0,add(i0,mul(i0,r0)))",1,40,100,"add(r0, mul(i0, r0))",1
283,3,"add(r0,add(i0,mul(i0,r0)))",1,40,200,"add(i0, add(r0, mul(i0, r0)))",1
284,3,"add(r0,add(i0,mul(i0,r0)))",1,40,300,"add(i0, add(r0, mul(i0, r0)))",1
285,3,"add(r0,add(i0,mul(i0,r0)))",1,60,100,"add(mul(i0, r0), i0)",1
286,3,"add(r0,add(i0,mul(i0,r0)))",1,60,200,"add(mul(i0, r0), i0)",1
287,3,"add(r0,add(i0,mul(i0,r0)))",1,60,300,"add(mul(i0, r0), add(i0, r0))",1
288,3,"add(r0,add(i0,mul(i0,r0)))",2,20,100,"mul(r0, add(2, i0))",1
289,3,"add(r0,add(i0,mul(i0,r0)))",2,20,200,"mul(r0, add(2, i0))",1
290,3,"add(r0,add(i0,mul(i0,r0)))",2,20,300,"add(7, add(i0, mul(i0, r0)))",1
291,3,"add(r0,add(i0,mul(i0,r0)))",2,40,100,"mul(i0, add(1, r0))",1
292,3,"add(r0,add(i0,mul(i0,r0)))",2,40,200,"add(r0, mul(i0, r0))",1
293,3,"add(r0,add(i0,mul(i0,r0)))",2,40,300,"mul(i0, add(2, r0))",1
294,3,"add(r0,add(i0,mul(i0,r0)))",2,60,100,"add(i0, mul(i0, r0))",1
295,3,"add(r0,add(i0,mul(i0,r0)))",2,60,200,"add(i0, mul(i0, r0))",1
296,3,"add(r0,add(i0,mul(i0,r0)))",2,60,300,"add(i0, mul(i0, r0))",1
297,3,"add(r0,add(i0,mul(i0,r0)))",3,20,100,"add(mul(i0, r0), mul(2, i0))",1
298,3,"add(r0,add(i0,mul(i0,r0)))",3,20,200,"add(3, add(mul(i0, r0), i0))",1
299,3,"add(r0,add(i0,mul(i0,r0)))",3,20,300,"add(r0, add(i0, mul(i0, r0)))",1
300,3,"add(r0,add(i0,mul(i0,r0)))",3,40,100,"add(r0, mul(i0, r0))",1
301,3,"add(r0,add(i0,mul(i0,r0)))",3,40,200,"add(r0, mul(i0, r0))",1
302,3,"add(r0,add(i0,mul(i0,r0)))",3,40,300,"add(r0, add(mul(i0, r0), i0))",1
303,3,"add(r0,add(i0,mul(i0,r0)))",3,60,100,"add(mul(i0, r0), add(r0, i0))",1
304,3,"add(r0,add(i0,mul(i0,r0)))",3,60,200,"add(mul(i0, r0), add(r0, i0))",1
305,3,"add(r0,add(i0,mul(i0,r0)))",3,60,300,"add(mul(i0, r0), add(r0, i0))",1
306,3,"add(r0,add(i0,mul(i0,r0)))",4,20,100,"add(mul(i0, r0), r0)",1
307,3,"add(r0,add(i0,mul(i0,r0)))",4,20,200,"add(7, mul(i0, r0))",1
308,3,"add(r0,add(i0,mul(i0,r0)))",4,20,300,"add(13, mul(i0, r0))",1
309,3,"add(r0,add(i0,mul(i0,r0)))",4,40,100,"add(r0, mul(i0, r0))",1
310,3,"add(r0,add(i0,mul(i0,r0)))",4,40,200,"add(mul(2, r0), mul(i0, r0))",1
311,3,"add(r0,add(i0,mul(i0,r0)))",4,40,300,"add(8, add(i0, mul(i0, r0)))",1
312,3,"add(r0,add(i0,mul(i0,r0)))",4,60,100,"add(mul(i0, r0), i0)",1
313,3,"add(r0,add(i0,mul(i0,r0)))",4,60,200,"add(r0, add(i0, mul(i0, r0)))",1
314,3,"add(r0,add(i0,mul(i0,r0)))",4,60,300,"add(r0, add(i0, mul(i0, r0)))",1
315,3,"add(i0,add(i0,mul(i0,r0)))",0,20,100,"add(mul(i0, r0), i0)",1
316,3,"add(i0,add(i0,mul(i0,r0)))",0,20,200,"add(5, add(mul(i0, r0), i0))",1
317,3,"add(i0,add(i0,mul(i0,r0)))",0,20,300,"add(5, add(mul(i0, r0), i0))",1
318,3,"add(i0,add(i0,mul(i0,r0)))",0,40,100,"add(mul(i0, r0), i0)",1
319,3,"add(i0,add(i0,mul(i0,r0)))",0,40,200,"add(mul(i0, r0), i0)",1
320,3,"add(i0,add(i0,mul(i0,r0)))",0,40,300,"add(mul(i0, r0), i0)",1
321,3,"add(i0,add(i0,mul(i0,r0)))",0,60,100,"add(mul(i0, r0), i0)",1
322,3,"add(i0,add(i0,mul(i0,r0)))",0,60,200,"add(mul(i0, r0), i0)",1
323,3,"add(i0,add(i0,mul(i0,r0)))",0,60,300,"add(5, add(mul(i0, r0), i0))",1
324,3,"add(i0,add(i0,mul(i0,r0)))",1,20,100,"add(mul(i0, r0), i0)",1
325,3,"add(i0,add(i0,mul(i0,r0)))",1,20,200,"add(mul(i0, r0), i0)",1
326,3,"add(i0,add(i0,mul(i0,r0)))",1,20,300,"add(mul(2, i0), mul(i0, r0))",1
327,3,"add(i0,add(i0,mul(i0,r0)))",1,40,100,"add(mul(i0, r0), i0)",1
328,3,"add(i0,add(i0,mul(i0,r0)))",1,40,200,"add(mul(i0, r0), i0)",1
329,3,"add(i0,add(i0,mul(i0,r0)))",1,40,300,"add(mul(2, i0), mul(i0, r0))",1
330,3,"add(i0,add(i0,mul(i0,r0)))",1,60,100,"mul(i0, add(9, add(r0, mul(-1, i0))))",1
331,3,"add(i0,add(i0,mul(i0,r0)))",1,60,200,"mul(i0, add(9, add(r0, mul(-1, i0))))",1
332,3,"add(i0,add(i0,mul(i0,r0)))",1,60,300,"mul(i0, add(-7, add(r0, i0)))",1
333,3,"add(i0,add(i0,mul(i0,r0)))",2,20,100,"add(mul(i0, r0), i0)",1
334,3,"add(i0,add(i0,mul(i0,r0)))",2,20,200,"add(mul(2, i0), mul(i0, r0))",1
335,3,"add(i0,add(i0,mul(i0,r0)))",2,20,300,"add(mul(2, i0), mul(i0, r0))",1
336,3,"add(i0,add(i0,mul(i0,r0)))",2,40,100,"add(mul(i0, r0), i0)",1
337,3,"add(i0,add(i0,mul(i0,r0)))",2,40,200,"add(mul(i0, r0), i0)",1
338,3,"add(i0,add(i0,mul(i0,r0)))",2,40,300,"add(mul(i0, r0), mul(2, i0))",1
339,3,"add(i0,add(i0,mul(i0,r0)))",2,60,100,"add(i0, mul(i0, r0))",1
340,3,"add(i0,add(i0,mul(i0,r0)))",2,60,200,"add(i0, mul(i0, r0))",1
341,3,"add(i0,add(i0,mul(i0,r0)))",2,60,300,"add(i0, mul(i0, r0))",1
342,3,"add(i0,add(i0,mul(i0,r0)))",3,20,100,"add(r0, mul(i0, r0))",1
343,3,"add(i0,add(i0,mul(i0,r0)))",3,20,200,"add(r0, mul(i0, r0))",1
344,3,"add(i0,add(i0,mul(i0,r0)))",3,20,300,"add(8, mul(i0, r0))",1
345,3,"add(i0,add(i0,mul(i0,r0)))",3,40,100,"mul(i0, add(2, r0))",1
346,3,"add(i0,add(i0,mul(i0,r0)))",3,40,200,"mul(i0, add(2, r0))",1
347,3,"add(i0,add(i0,mul(i0,r0)))",3,40,300,"mul(i0, add(2, r0))",1
348,3,"add(i0,add(i0,mul(i0,r0)))",3,60,100,"add(i0, mul(i0, r0))",1
349,3,"add(i0,add(i0,mul(i0,r0)))",3,60,200,"add(i0, mul(i0, r0))",1
350,3,"add(i0,add(i0,mul(i0,r0)))",3,60,300,"add(r0, add(mul(i0, r0), i0))",1
351,3,"add(i0,add(i0,mul(i0,r0)))",4,20,100,"add(mul(2, r0), mul(i0, r0))",1
352,3,"add(i0,add(i0,mul(i0,r0)))",4,20,200,"add(i0, add(mul(i0, r0), r0))",1
353,3,"add(i0,add(i0,mul(i0,r0)))",4,20,300,"add(i0, add(mul(i0, r0), r0))",1
354,3,"add(i0,add(i0,mul(i0,r0)))",4,40,100,"add(mul(i0, r0), i0)",1
355,3,"add(i0,add(i0,mul(i0,r0)))",4,40,200,"add(mul(i0, r0), i0)",1
356,3,"add(i0,add(i0,mul(i0,r0)))",4,40,300,"add(mul(2, i0), mul(i0, r0))",1
357,3,"add(i0,add(i0,mul(i0,r0)))",4,60,100,"mul(i0, r0)",1
358,3,"add(i0,add(i0,mul(i0,r0)))",4,60,200,"add(14, mul(i0, r0))",1
359,3,"add(i0,add(i0,mul(i0,r0)))",4,60,300,"add(14, mul(i0, r0))",1
360,3,"add(r0,add(i0,mul(i0,r0)))",0,20,100,"add(mul(i0, r0), i0)",1
361,3,"add(r0,add(i0,mul(i0,r0)))",0,20,200,"mul(r0, add(2, i0))",1
362,3,"add(r0,add(i0,mul(i0,r0)))",0,20,300,"mul(r0, add(2, i0))",1
363,3,"add(r0,add(i0,mul(i0,r0)))",0,40,100,"mul(r0, add(2, i0))",1
364,3,"add(r0,add(i0,mul(i0,r0)))",0,40,200,"mul(r0, add(2, i0))",1
365,3,"add(r0,add(i0,mul(i0,r0)))",0,40,300,"add(i0, add(r0, mul(i0, r0)))",1
366,3,"add(r0,add(i0,mul(i0,r0)))",0,60,100,"add(r0, mul(i0, r0))",1
367,3,"add(r0,add(i0,mul(i0,r0)))",0,60,200,"add(r0, mul(i0, r0))",1
368,3,"add(r0,add(i0,mul(i0,r0)))",0,60,300,"mul(r0, add(2, i0))",1
369,3,"add(r0,add(i0,mul(i0,r0)))",1,20,100,"add(r0, mul(i0, r0))",1
370,3,"add(r0,add(i0,mul(i0,r0)))",1,20,200,"add(r0, mul(i0, r0))",1
371,3,"add(r0,add(i0,mul(i0,r0)))",1,20,300,"add(r0, add(mul(i0, r0), i0))",1
372,3,"add(r0,add(i0,mul(i0,r0)))",1,40,100,"add(9, mul(i0, r0))",1
373,3,"add(r0,add(i0,mul(i0,r0)))",1,40,200,"add(9, mul(i0, r0))",1
374,3,"add(r0,add(i0,mul(i0,r0)))",1,40,300,"add(9, mul(i0, r0))",1
375,3,"add(r0,add(i0,mul(i0,r0)))",1,60,100,"mul(i0, r0)",1
376,3,"add(r0,add(i0,mul(i0,r0)))",1,60,200,"add(mul(i0, r0), r0)",1
377,3,"add(r0,add(i0,mul(i0,r0)))",1,60,300,"add(15, mul(i0, r0))",1
378,3,"add(r0,add(i0,mul(i0,r0)))",2,20,100,"add(mul(i0, r0), add(r0, i0))",1
379,3,"add(r0,add(i0,mul(i0,r0)))",2,20,200,"add(mul(i0, r0), add(r0, i0))",1
380,3,"add(r0,add(i0,mul(i0,r0)))",2,20,300,"add(mul(i0, r0), add(r0, i0))",1
381,3,"add(r0,add(i0,mul(i0,r0)))",2,40,100,"add(mul(i0, r0), r0)",1
382,3,"add(r0,add(i0,mul(i0,r0)))",2,40,200,"add(9, mul(i0, r0))",1
383,3,"add(r0,add(i0,mul(i0,r0)))",2,40,300,"add(9, mul(i0, r0))",1
384,3,"add(r0,add(i0,mul(i0,r0)))",2,60,100,"add(mul(2, i0), mul(i0, r0))",1
385,3,"add(r0,add(i0,mul(i0,r0)))",2,60,200,"add(mul(2, i0), mul(i0, r0))",1
386,3,"add(r0,add(i0,mul(i0,r0)))",2,60,300,"add(mul(2, i0), mul(i0, r0))",1
387,3,"add(r0,add(i0,mul(i0,r0)))",3,20,100,"add(r0, mul(i0, r0))",1
388,3,"add(r0,add(i0,mul(i0,r0)))",3,20,200,"add(11, mul(i0, r0))",1
389,3,"add(r0,add(i0,mul(i0,r0)))",3,20,300,"add(mul(i0, r0), add(r0, i0))",1
390,3,"add(r0,add(i0,mul(i0,r0)))",3,40,100,"add(r0, mul(i0, r0))",1
391,3,"add(r0,add(i0,mul(i0,r0)))",3,40,200,"add(11, mul(i0, r0))",1
392,3,"add(r0,add(i0,mul(i0,r0)))",3,40,300,"add(r0, add(i0, mul(i0, r0)))",1
393,3,"add(r0,add(i0,mul(i0,r0)))",3,60,100,"add(i0, mul(i0, r0))",1
394,3,"add(r0,add(i0,mul(i0,r0)))",3,60,200,"add(i0, mul(i0, r0))",1
395,3,"add(r0,add(i0,mul(i0,r0)))",3,60,300,"add(mul(2, r0), mul(i0, r0))",1
396,3,"add(r0,add(i0,mul(i0,r0)))",4,20,100,"add(11, mul(i0, r0))",1
397,3,"add(r0,add(i0,mul(i0,r0)))",4,20,200,"add(11, mul(i0, r0))",1
398,3,"add(r0,add(i0,mul(i0,r0)))",4,20,300,"add(i0, add(r0, mul(i0, r0)))",1
399,3,"add(r0,add(i0,mul(i0,r0)))",4,40,100,"mul(i0, r0)",1
400,3,"add(r0,add(i0,mul(i0,r0)))",4,40,200,"add(8, add(mul(i0, r0), r0))",1
401,3,"add(r0,add(i0,mul(i0,r0)))",4,40,300,"add(mul(i0, r0), add(r0, i0))",1
402,3,"add(r0,add(i0,mul(i0,r0)))",4,60,100,"add(6, add(r0, mul(i0, r0)))",1
403,3,"add(r0,add(i0,mul(i0,r0)))",4,60,200,"add(6, add(r0, mul(i0, r0)))",1
404,3,"add(r0,add(i0,mul(i0,r0)))",4,60,300,"add(6, add(r0, mul(i0, r0)))",1
405,1,"sub(i0,r2)",0,20,100,"add(i0, mul(-1, r2))",2
406,1,"sub(i0,r2)",0,20,200,"add(i0, mul(-1, r2))",2
407,1,"sub(i0,r2)",0,20,300,"add(i0, mul(-1, r2))",2
408,1,"sub(i0,r2)",0,40,100,"add(i0, mul(-1, r2))",2
409,1,"sub(i0,r2)",0,40,200,"add(i0, mul(-1, r2))",2
410,1,"sub(i0,r2)",0,40,300,"add(i0, mul(-1, r2))",2
411,1,"sub(i0,r2)",0,60,100,"add(i0, mul(-1, r2))",2
412,1,"sub(i0,r2)",0,60,200,"add(i0, mul(-1, r2))",2
413,1,"sub(i0,r2)",0,60,300,"add(i0, mul(-1, r2))",2
414,1,"sub(i0,r2)",1,20,100,"add(i0, mul(-1, r2))",2
415,1,"sub(i0,r2)",1,20,200,"add(i0, mul(-1, r2))",2
416,1,"sub(i0,r2)",1,20,300,"add(i0, mul(-1, r2))",2
417,1,"sub(i0,r2)",1,40,100,"add(i0, mul(-1, r2))",2
418,1,"sub(i0,r2)",1,40,200,"add(i0, mul(-1, r2))",2
419,1,"sub(i0,r2)",1,40,300,"add(i0, mul(-1, r2))",2
420,1,"sub(i0,r2)",1,60,100,"add(i0, mul(-1, r2))",2
421,1,"sub(i0,r2)",1,60,200,"add(i0, mul(-1, r2))",2
422,1,"sub(i0,r2)",1,60,300,"add(i0, mul(-1, r2))",2
423,1,"sub(i0,r2)",2,20,100,"add(i0, mul(-1, r2))",2
424,1,"sub(i0,r2)",2,20,200,"add(i0, mul(-1, r2))",2
425,1,"sub(i0,r2)",2,20,300,"add(i0, mul(-1, r2))",2
426,1,"sub(i0,r2)",2,40,100,"add(i0, mul(-1, r2))",2
427,1,"sub(i0,r2)",2,40,200,"add(i0, mul(-1, r2))",2
428,1,"sub(i0,r2)",2,40,300,"add(i0, mul(-1, r2))",2
429,1,"sub(i0,r2)",2,60,100,"add(i0, mul(-1, r2))",2
430,1,"sub(i0,r2)",2,60,200,"add(i0, mul(-1, r2))",2
431,1,"sub(i0,r2)",2,60,300,"add(i0, mul(-1, r2))",2
432,1,"sub(i0,r2)",3,20,100,"add(i0, mul(-1, r2))",2
433,1,"sub(i0,r2)",3,20,200,"add(i0, mul(-1, r2))",2
434,1,"sub(i0,r2)",3,20,300,"add(i0, mul(-1, r2))",2
435,1,"sub(i0,r2)",3,40,100,"add(i0, mul(-1, r2))",2
436,1,"sub(i0,r2)",3,40,200,"add(i0, mul(-1, r2))",2
437,1,"sub(i0,r2)",3,40,300,"add(i0, mul(-1, r2))",2
438,1,"sub(i0,r2)",3,60,100,"add(i0, mul(-1, r2))",2
439,1,"sub(i0,r2)",3,60,200,"add(i0, mul(-1, r2))",2
440,1,"sub(i0,r2)",3,60,300,"add(i0, mul(-1, r2))",2
441,1,"sub(i0,r2)",4,20,100,"add(i0, mul(-1, r2))",2
442,1,"sub(i0,r2)",4,20,200,"add(i0, mul(-1, r2))",2
443,1,"sub(i0,r2)",4,20,300,"add(i0, mul(-1, r2))",2
444,1,"sub(i0,r2)",4,40,100,"add(i0, mul(-1, r2))",2
445,1,"sub(i0,r2)",4,40,200,"add(i0, mul(-1, r2))",2
446,1,"sub(i0,r2)",4,40,300,"add(i0, mul(-1, r2))",2
447,1,"sub(i0,r2)",4,60,100,"add(i0, mul(-1, r2))",2
448,1,"sub(i0,r2)",4,60,200,"add(i0, mul(-1, r2))",2
449,1,"sub(i0,r2)",4,60,300,"add(i0, mul(-1, r2))",2
450,1,"sub(r2,i0)",0,20,100,"add(r2, mul(-1, i0))",2
451,1,"sub(r2,i0)",0,20,200,"add(r2, mul(-1, i0))",2
452,1,"sub(r2,i0)",0,20,300,"add(r2, mul(-1, i0))",2
453,1,"sub(r2,i0)",0,40,100,"add(r2, mul(-1, i0))",2
454,1,"sub(r2,i0)",0,40,200,"add(r2, mul(-1, i0))",2
455,1,"sub(r2,i0)",0,40,300,"add(r2, mul(-1, i0))",2
456,1,"sub(r2,i0)",0,60,100,"add(r2, mul(-1, i0))",2
457,1,"sub(r2,i0)",0,60,200,"add(r2, mul(-1, i0))",2
458,1,"sub(r2,i0)",0,60,300,"add(r2, mul(-1, i0))",2
459,1,"sub(r2,i0)",1,20,100,"add(r2, mul(-1, i0))",2
460,1,"sub(r2,i0)",1,20,200,"add(r2, mul(-1, i0))",2
461,1,"sub(r2,i0)",1,20,300,"add(r2, mul(-1, i0))",2
462,1,"sub(r2,i0)",1,40,100,"add(r2, mul(-1, i0))",2
463,1,"sub(r2,i0)",1,40,200,"add(r2, mul(-1, i0))",2
464,1,"sub(r2,i0)",1,40,300,"add(r2, mul(-1, i0))",2
465,1,"sub(r2,i0)",1,60,100,"add(r2, mul(-1, i0))",2
466,1,"sub(r2,i0)",1,60,200,"add(r2, mul(-1, i0))",2
467,1,"sub(r2,i0)",1,60,300,"add(r2, mul(-1, i0))",2
468,1,"sub(r2,i0)",2,20,100,"add(r2, mul(-1, i0))",2
469,1,"sub(r2,i0)",2,20,200,"add(r2, mul(-1, i0))",2
470,1,"sub(r2,i0)",2,20,300,"add(r2, mul(-1, i0))",2
471,1,"sub(r2,i0)",2,40,100,"add(r2, mul(-1, i0))",2
472,1,"sub(r2,i0)",2,40,200,"add(r2, mul(-1, i0))",2
473,1,"sub(r2,i0)",2,40,300,"add(r2, mul(-1, i0))",2
474,1,"sub(r2,i0)",2,60,100,"add(r2, mul(-1, i0))",2
475,1,"sub(r2,i0)",2,60,200,"add(r2, mul(-1, i0))",2
476,1,"sub(r2,i0)",2,60,300,"add(r2, mul(-1, i0))",2
477,1,"sub(r2,i0)",3,20,100,"add(r2, mul(-1, i0))",2
478,1,"sub(r2,i0)",3,20,200,"add(r2, mul(-1, i0))",2
479,1,"sub(r2,i0)",3,20,300,"add(r2, mul(-1, i0))",2
480,1,"sub(r2,i0)",3,40,100,"add(r2, mul(-1, i0))",2
481,1,"sub(r2,i0)",3,40,200,"add(r2, mul(-1, i0))",2
482,1,"sub(r2,i0)",3,40,300,"add(r2, mul(-1, i0))",2
483,1,"sub(r2,i0)",3,60,100,"add(r2, mul(-1, i0))",2
484,1,"sub(r2,i0)",3,60,200,"add(r2, mul(-1, i0))",2
485,1,"sub(r2,i0)",3,60,300,"add(r2, mul(-1, i0))",2
486,1,"sub(r2,i0)",4,20,100,"add(r2, mul(-1, i0))",2
487,1,"sub(r2,i0)",4,20,200,"add(r2, mul(-1, i0))",2
488,1,"sub(r2,i0)",4,20,300,"add(r2, mul(-1, i0))",2
489,1,"sub(r2,i0)",4,40,100,"add(r2, mul(-1, i0))",2
490,1,"sub(r2,i0)",4,40,200,"add(r2, mul(-1, i0))",2
491,1,"sub(r2,i0)",4,40,300,"add(r2, mul(-1, i0))",2
492,1,"sub(r2,i0)",4,60,100,"add(r2, mul(-1, i0))",2
493,1,"sub(r2,i0)",4,60,200,"add(r2, mul(-1, i0))",2
494,1,"sub(r2,i0)",4,60,300,"add(r2, mul(-1, i0))",2
495,1,"mul(i0,r1)",0,20,100,"mul(i0, r1)",2
496,1,"mul(i0,r1)",0,20,200,"mul(i0, r1)",2
497,1,"mul(i0,r1)",0,20,300,"mul(i0, r1)",2
498,1,"mul(i0,r1)",0,40,100,"mul(i0, r1)",2
499,1,"mul(i0,r1)",0,40,200,"mul(i0, r1)",2
500,1,"mul(i0,r1)",0,40,300,"mul(i0, r1)",2
501,1,"mul(i0,r1)",0,60,100,"mul(i0, r1)",2
502,1,"mul(i0,r1)",0,60,200,"mul(i0, r1)",2
503,1,"mul(i0,r1)",0,60,300,"mul(i0, r1)",2
504,1,"mul(i0,r1)",1,20,100,"mul(i0, r1)",2
505,1,"mul(i0,r1)",1,20,200,"mul(i0, r1)",2
506,1,"mul(i0,r1)",1,20,300,"mul(i0, r1)",2
507,1,"mul(i0,r1)",1,40,100,"mul(i0, r1)",2
508,1,"mul(i0,r1)",1,40,200,"mul(i0, r1)",2
509,1,"mul(i0,r1)",1,40,300,"mul(i0, r1)",2
510,1,"mul(i0,r1)",1,60,100,"mul(i0, r1)",2
511,1,"mul(i0,r1)",1,60,200,"mul(i0, r1)",2
512,1,"mul(i0,r1)",1,60,300,"mul(i0, r1)",2
513,1,"mul(i0,r1)",2,20,100,"mul(i0, r1)",2
514,1,"mul(i0,r1)",2,20,200,"mul(i0, r1)",2
515,1,"mul(i0,r1)",2,20,300,"mul(i0, r1)",2
516,1,"mul(i0,r1)",2,40,100,"mul(i0, r1)",2
517,1,"mul(i0,r1)",2,40,200,"mul(i0, r1)",2
518,1,"mul(i0,r1)",2,40,300,"mul(i0, r1)",2
519,1,"mul(i0,r1)",2,60,100,"mul(i0, r1)",2
520,1,"mul(i0,r1)",2,60,200,"mul(i0, r1)",2
521,1,"mul(i0,r1)",2,60,300,"mul(i0, r1)",2
522,1,"mul(i0,r1)",3,20,100,"mul(i0, r1)",2
523,1,"mul(i0,r1)",3,20,200,"mul(i0, r1)",2
524,1,"mul(i0,r1)",3,20,300,"mul(i0, r1)",2
525,1,"mul(i0,r1)",3,40,100,"mul(i0, r1)",2
526,1,"mul(i0,r1)",3,40,200,"mul(i0, r1)",2
527,1,"mul(i0,r1)",3,40,300,"mul(i0, r1)",2
528,1,"mul(i0,r1)",3,60,100,"mul(i0, r1)",2
529,1,"mul(i0,r1)",3,60,200,"mul(i0, r1)",2
530,1,"mul(i0,r1)",3,60,300,"mul(i0, r1)",2
531,1,"mul(i0,r1)",4,20,100,"mul(i0, r1)",2
532,1,"mul(i0,r1)",4,20,200,"mul(i0, r1)",2
533,1,"mul(i0,r1)",4,20,300,"mul(i0, r1)",2
534,1,"mul(i0,r1)",4,40,100,"mul(i0, r1)",2
535,1,"mul(i0,r1)",4,40,200,"mul(i0, r1)",2
536,1,"mul(i0,r1)",4,40,300,"mul(i0, r1)",2
537,1,"mul(i0,r1)",4,60,100,"mul(i0, r1)",2
538,1,"mul(i0,r1)",4,60,200,"mul(i0, r1)",2
539,1,"mul(i0,r1)",4,60,300,"mul(i0, r1)",2
540,2,"add(i0,add(r2,r0))",0,20,100,"add(r1, add(r2, r0))",2
541,2,"add(i0,add(r2,r0))",0,20,200,"add(5, add(r2, i0))",2
542,2,"add(i0,add(r2,r0))",0,20,300,"add(r2, add(r0, i0))",2
543,2,"add(i0,add(r2,r0))",0,40,100,"add(r2, add(i0, r1))",2
544,2,"add(i0,add(r2,r0))",0,40,200,"add(r0, add(r2, i0))",2
545,2,"add(i0,add(r2,r0))",0,40,300,"add(r0, add(r2, i0))",2
546,2,"add(i0,add(r2,r0))",0,60,100,"add(9, r2)",2
547,2,"add(i0,add(r2,r0))",0,60,200,"add(r2, add(r0, i0))",2
548,2,"add(i0,add(r2,r0))",0,60,300,"add(r2, add(r0, i0))",2
549,2,"add(i0,add(r2,r0))",1,20,100,"add(r2, add(i0, r0))",2
550,2,"add(i0,add(r2,r0))",1,20,200,"add(r2, add(i0, r0))",2
551,2,"add(i0,add(r2,r0))",1,20,300,"add(r2, add(i0, r0))",2
552,2,"add(i0,add(r2,r0))",1,40,100,"add(r2, add(i1, i0))",2
553,2,"add(i0,add(r2,r0))",1,40,200,"add(r2, mul(2, r0))",2
554,2,"add(i0,add(r2,r0))",1,40,300,"add(r0, add(r2, i0))",2
555,2,"add(i0,add(r2,r0))",1,60,100,"add(i0, add(r2, r0))",2
556,2,"add(i0,add(r2,r0))",1,60,200,"add(i0, add(r2, r0))",2
557,2,"add(i0,add(r2,r0))",1,60,300,"add(i0, add(r2, r0))",2
558,2,"add(i0,add(r2,r0))",2,20,100,"add(r2, add(r0, i0))",2
559,2,"add(i0,add(r2,r0))",2,20,200,"add(r2, add(r0, i0))",2
560,2,"add(i0,add(r2,r0))",2,20,300,"add(r2, add(r0, i0))",2
561,2,"add(i0,add(r2,r0))",2,40,100,"add(r2, mul(2, i0))",2
562,2,"add(i0,add(r2,r0))",2,40,200,"add(r2, mul(2, i0))",2
563,2,"add(i0,add(r2,r0))",2,40,300,"add(3, add(r2, r0))",2
564,2,"add(i0,add(r2,r0))",2,60,100,"add(r2, add(i0, r1))",2
565,2,"add(i0,add(r2,r0))",2,60,200,"add(i0, add(r2, r0))",2
566,2,"add(i0,add(r2,r0))",2,60,300,"add(i0, add(r2, r0))",2
567,2,"add(i0,add(r2,r0))",3,20,100,"add(mul(2, i0), r2)",2
568,2,"add(i0,add(r2,r0))",3,20,200,"add(i1, add(r0, add(r2, add(mul(-1, r1), i0))))",2
569,2,"add(i0,add(r2,r0))",3,20,300,"add(i0, add(r0, r2))",2
570,2,"add(i0,add(r2,r0))",3,40,100,"add(mul(2, r0), r2)",2
571,2,"add(i0,add(r2,r0))",3,40,200,"add(i0, add(r2, r0))",2
572,2,"add(i0,add(r2,r0))",3,40,300,"add(i0, add(r2, r0))",2
573,2,"add(i0,add(r2,r0))",3,60,100,"add(mul(2, i0), r2)",2
574,2,"add(i0,add(r2,r0))",3,60,200,"add(r0, add(i0, r2))",2
575,2,"add(i0,add(r2,r0))",3,60,300,"add(r0, add(i0, r2))",2
576,2,"add(i0,add(r2,r0))",4,20,100,"add(mul(2, i0), r2)",2
577,2,"add(i0,add(r2,r0))",4,20,200,"add(r0, add(r2, i0))",2
578,2,"add(i0,add(r2,r0))",4,20,300,"add(r0, add(r2, i0))",2
579,2,"add(i0,add(r2,r0))",4,40,100,"add(r1, add(r2, r0))",2
580,2,"add(i0,add(r2,r0))",4,40,200,"add(mul(2, i0), r2)",2
581,2,"add(i0,add(r2,r0))",4,40,300,"add(r2, add(r0, i0))",2
582,2,"add(i0,add(r2,r0))",4,60,100,"add(i0, add(r0, r2))",2
583,2,"add(i0,add(r2,r0))",4,60,200,"add(i0, add(r0, r2))",2
584,2,"add(i0,add(r2,r0))",4,60,300,"add(i0, add(r0, r2))",2
585,2,"sub(r2,add(r2,r0))",0,20,100,"mul(-1, r0)",2
586,2,"sub(r2,add(r2,r0))",0,20,200,"mul(-1, r0)",2
587,2,"sub(r2,add(r2,r0))",0,20,300,"mul(-1, r0)",2
588,2,"sub(r2,add(r2,r0))",0,40,100,"mul(-1, r0)",2
589,2,"sub(r2,add(r2,r0))",0,40,200,"mul(-1, r0)",2
590,2,"sub(r2,add(r2,r0))",0,40,300,"mul(-1, r0)",2
591,2,"sub(r2,add(r2,r0))",0,60,100,"add(r1, add(mul(-1, r0), r2))",2
592,2,"sub(r2,add(r2,r0))",0,60,200,"mul(-1, r0)",2
593,2,"sub(r2,add(r2,r0))",0,60,300,"mul(-1, r0)",2
594,2,"sub(r2,add(r2,r0))",1,20,100,"mul(-1, r0)",2
595,2,"sub(r2,add(r2,r0))",1,20,200,"mul(-1, r0)",2
596,2,"sub(r2,add(r2,r0))",1,20,300,"mul(-1, r0)",2
597,2,"sub(r2,add(r2,r0))",1,40,100,"mul(-1, r0)",2
598,2,"sub(r2,add(r2,r0))",1,40,200,"mul(-1, r0)",2
599,2,"sub(r2,add(r2,r0))",1,40,300,"mul(-1, r0)",2
600,2,"sub(r2,add(r2,r0))",1,60,100,"mul(-1, r0)",2
601,2,"sub(r2,add(r2,r0))",1,60,200,"mul(-1, r0)",2
602,2,"sub(r2,add(r2,r0))",1,60,300,"mul(-1, r0)",2
603,2,"sub(r2,add(r2,r0))",2,20,100,"mul(-1, r0)",2
604,2,"sub(r2,add(r2,r0))",2,20,200,"mul(-1, r0)",2
605,2,"sub(r2,add(r2,r0))",2,20,300,"mul(-1, r0)",2
606,2,"sub(r2,add(r2,r0))",2,40,100,"mul(-1, r0)",2
607,2,"sub(r2,add(r2,r0))",2,40,200,"mul(-1, r0)",2
608,2,"sub(r2,add(r2,r0))",2,40,300,"mul(-1, r0)",2
609,2,"sub(r2,add(r2,r0))",2,60,100,"mul(-1, r0)",2
610,2,"sub(r2,add(r2,r0))",2,60,200,"mul(-1, r0)",2
611,2,"sub(r2,add(r2,r0))",2,60,300,"mul(-1, r0)",2
612,2,"sub(r2,add(r2,r0))",3,20,100,"mul(-1, r0)",2
613,2,"sub(r2,add(r2,r0))",3,20,200,"mul(-1, r0)",2
614,2,"sub(r2,add(r2,r0))",3,20,300,"mul(-1, r0)",2
615,2,"sub(r2,add(r2,r0))",3,40,100,"mul(-1, r0)",2
616,2,"sub(r2,add(r2,r0))",3,40,200,"mul(-1, r0)",2
617,2,"sub(r2,add(r2,r0))",3,40,300,"mul(-1, r0)",2
618,2,"sub(r2,add(r2,r0))",3,60,100,"mul(-1, r0)",2
619,2,"sub(r2,add(r2,r0))",3,60,200,"mul(-1, r0)",2
620,2,"sub(r2,add(r2,r0))",3,60,300,"mul(-1, r0)",2
621,2,"sub(r2,add(r2,r0))",4,20,100,"mul(-1, r0)",2
622,2,"sub(r2,add(r2,r0))",4,20,200,"mul(-1, r0)",2
623,2,"sub(r2,add(r2,r0))",4,20,300,"mul(-1, r0)",2
624,2,"sub(r2,add(r2,r0))",4,40,100,"mul(-1, r0)",2
625,2,"sub(r2,add(r2,r0))",4,40,200,"mul(-1, r0)",2
626,2,"sub(r2,add(r2,r0))",4,40,300,"mul(-1, r0)",2
627,2,"sub(r2,add(r2,r0))",4,60,100,"mul(-1, r0)",2
628,2,"sub(r2,add(r2,r0))",4,60,200,"mul(-1, r0)",2
629,2,"sub(r2,add(r2,r0))",4,60,300,"mul(-1, r0)",2
630,2,"add(i0,add(r2,r0))",0,20,100,"add(4, add(r2, r0))",2
631,2,"add(i0,add(r2,r0))",0,20,200,"add(4, add(r2, r0))",2
632,2,"add(i0,add(r2,r0))",0,20,300,"add(r2, add(i0, r0))",2
633,2,"add(i0,add(r2,r0))",0,40,100,"add(r0, add(i0, r2))",2
634,2,"add(i0,add(r2,r0))",0,40,200,"add(r0, add(i0, r2))",2
635,2,"add(i0,add(r2,r0))",0,40,300,"add(r0, add(i0, r2))",2
636,2,"add(i0,add(r2,r0))",0,60,100,"add(9, r2)",2
637,2,"add(i0,add(r2,r0))",0,60,200,"add(mul(2, r0), r2)",2
638,2,"add(i0,add(r2,r0))",0,60,300,"add(mul(2, r0), r2)",2
639,2,"add(i0,add(r2,r0))",1,20,100,"add(mul(2, i0), r2)",2
640,2,"add(i0,add(r2,r0))",1,20,200,"add(i0, add(r2, r0))",2
641,2,"add(i0,add(r2,r0))",1,20,300,"add(i0, add(r2, r0))",2
642,2,"add(i0,add(r2,r0))",1,40,100,"add(r2, add(r1, i0))",2
643,2,"add(i0,add(r2,r0))",1,40,200,"add(r0, add(r2, i0))",2
644,2,"add(i0,add(r2,r0))",1,40,300,"add(r0, add(r2, i0))",2
645,2,"add(i0,add(r2,r0))",1,60,100,"add(mul(2, i0), r2)",2
646,2,"add(i0,add(r2,r0))",1,60,200,"add(mul(2, i0), r2)",2
647,2,"add(i0,add(r2,r0))",1,60,300,"add(r0, add(r2, i0))",2
648,2,"add(i0,add(r2,r0))",2,20,100,"add(r0, add(i0, r2))",2
649,2,"add(i0,add(r2,r0))",2,20,200,"add(r0, add(i0, r2))",2
650,2,"add(i0,add(r2,r0))",2,20,300,"add(r0, add(i0, r2))",2
651,2,"add(i0,add(r2,r0))",2,40,100,"add(i1, add(i0, r2))",2
652,2,"add(i0,add(r2,r0))",2,40,200,"add(4, add(i1, r2))",2
653,2,"add(i0,add(r2,r0))",2,40,300,"add(r0, add(i0, r2))",2
654,2,"add(i0,add(r2,r0))",2,60,100,"add(r2, mul(2, i0))",2
655,2,"add(i0,add(r2,r0))",2,60,200,"add(r0, add(r2, i0))",2
656,2,"add(i0,add(r2,r0))",2,60,300,"add(r0, add(r2, i0))",2
657,2,"add(i0,add(r2,r0))",3,20,100,"add(9, r2)",2
658,2,"add(i0,add(r2,r0))",3,20,200,"add(i0, add(r2, r0))",2
659,2,"add(i0,add(r2,r0))",3,20,300,"add(i0, add(r2, r0))",2
660,2,"add(i0,add(r2,r0))",3,40,100,"add(r2, add(r0, i0))",2
661,2,"add(i0,add(r2,r0))",3,40,200,"add(r2, add(r0, i0))",2
662,2,"add(i0,add(r2,r0))",3,40,300,"add(r2, add(r0, i0))",2
663,2,"add(i0,add(r2,r0))",3,60,100,"add(r0, add(i0, r2))",2
664,2,"add(i0,add(r2,r0))",3,60,200,"add(r0, add(i0, r2))",2
665,2,"add(i0,add(r2,r0))",3,60,300,"add(r0, add(i0, r2))",2
666,2,"add(i0,add(r2,r0))",4,20,100,"add(9, r2)",2
667,2,"add(i0,add(r2,r0))",4,20,200,"add(10, r2)",2
668,2,"add(i0,add(r2,r0))",4,20,300,"add(i0, add(r0, r2))",2
669,2,"add(i0,add(r2,r0))",4,40,100,"add(i1, add(i0, r2))",2
670,2,"add(i0,add(r2,r0))",4,40,200,"add(10, r2)",2
671,2,"add(i0,add(r2,r0))",4,40,300,"add(10, r2)",2
672,2,"add(i0,add(r2,r0))",4,60,100,"add(i0, add(r2, r0))",2
673,2,"add(i0,add(r2,r0))",4,60,200,"add(i0, add(r2, r0))",2
674,2,"add(i0,add(r2,r0))",4,60,300,"add(i0, add(r2, r0))",2
675,3,"add(i0,sub(r2,add(r2,r0)))",0,20,100,"add(i0, mul(-1, r0))",2
676,3,"add(i0,sub(r2,add(r2,r0)))",0,20,200,"add(i0, mul(-1, r0))",2
677,3,"add(i0,sub(r2,add(r2,r0)))",0,20,300,"add(i0, mul(-1, r0))",2
678,3,"add(i0,sub(r2,add(r2,r0)))",0,40,100,"add(i0, mul(-1, r0))",2
679,3,"add(i0,sub(r2,add(r2,r0)))",0,40,200,"add(i0, mul(-1, r0))",2
680,3,"add(i0,sub(r2,add(r2,r0)))",0,40,300,"add(i0, mul(-1, r0))",2
681,3,"add(i0,sub(r2,add(r2,r0)))",0,60,100,"add(i0, mul(-1, r0))",2
682,3,"add(i0,sub(r2,add(r2,r0)))",0,60,200,"add(i0, mul(-1, r0))",2
683,3,"add(i0,sub(r2,add(r2,r0)))",0,60,300,"add(i0, mul(-1, r0))",2
684,3,"add(i0,sub(r2,add(r2,r0)))",1,20,100,"add(i0, mul(-1, r0))",2
685,3,"add(i0,sub(r2,add(r2,r0)))",1,20,200,"add(i0, mul(-1, r0))",2
686,3,"add(i0,sub(r2,add(r2,r0)))",1,20,300,"add(i0, mul(-1, r0))",2
687,3,"add(i0,sub(r2,add(r2,r0)))",1,40,100,"add(i0, mul(-1, r0))",2
688,3,"add(i0,sub(r2,add(r2,r0)))",1,40,200,"add(i0, mul(-1, r0))",2
689,3,"add(i0,sub(r2,add(r2,r0)))",1,40,300,"add(i0, mul(-1, r0))",2
690,3,"add(i0,sub(r2,add(r2,r0)))",1,60,100,"add(i0, mul(-1, r0))",2
691,3,"add(i0,sub(r2,add(r2,r0)))",1,60,200,"add(i0, mul(-1, r0))",2
692,3,"add(i0,sub(r2,add(r2,r0)))",1,60,300,"add(i0, mul(-1, r0))",2
693,3,"add(i0,sub(r2,add(r2,r0)))",2,20,100,"add(i0, mul(-1, r0))",2
694,3,"add(i0,sub(r2,add(r2,r0)))",2,20,200,"add(i0, mul(-1, r0))",2
695,3,"add(i0,sub(r2,add(r2,r0)))",2,20,300,"add(i0, mul(-1, r0))",2
696,3,"add(i0,sub(r2,add(r2,r0)))",2,40,100,"add(i0, mul(-1, r0))",2
697,3,"add(i0,sub(r2,add(r2,r0)))",2,40,200,"add(i0, mul(-1, r0))",2
698,3,"add(i0,sub(r2,add(r2,r0)))",2,40,300,"add(i0, mul(-1, r0))",2
699,3,"add(i0,sub(r2,add(r2,r0)))",2,60,100,"add(i0, mul(-1, r0))",2
700,3,"add(i0,sub(r2,add(r2,r0)))",2,60,200,"add(i0, mul(-1, r0))",2
701,3,"add(i0,sub(r2,add(r2,r0)))",2,60,300,"add(i0, mul(-1, r0))",2
702,3,"add(i0,sub(r2,add(r2,r0)))",3,20,100,"add(i0, mul(-1, r0))",2
703,3,"add(i0,sub(r2,add(r2,r0)))",3,20,200,"add(i0, mul(-1, r0))",2
704,3,"add(i0,sub(r2,add(r2,r0)))",3,20,300,"add(i0, mul(-1, r0))",2
705,3,"add(i0,sub(r2,add(r2,r0)))",3,40,100,"add(i0, mul(-1, r0))",2
706,3,"add(i0,sub(r2,add(r2,r0)))",3,40,200,"add(i0, mul(-1, r0))",2
707,3,"add(i0,sub(r2,add(r2,r0)))",3,40,300,"add(i0, mul(-1, r0))",2
708,3,"add(i0,sub(r2,add(r2,r0)))",3,60,100,"add(i0, mul(-1, r0))",2
709,3,"add(i0,sub(r2,add(r2,r0)))",3,60,200,"add(i0, mul(-1, r0))",2
710,3,"add(i0,sub(r2,add(r2,r0)))",3,60,300,"add(i0, mul(-1, r0))",2
711,3,"add(i0,sub(r2,add(r2,r0)))",4,20,100,"add(i0, mul(-1, r0))",2
712,3,"add(i0,sub(r2,add(r2,r0)))",4,20,200,"add(i0, mul(-1, r0))",2
713,3,"add(i0,sub(r2,add(r2,r0)))",4,20,300,"add(i0, mul(-1, r0))",2
714,3,"add(i0,sub(r2,add(r2,r0)))",4,40,100,"add(i0, mul(-1, r0))",2
715,3,"add(i0,sub(r2,add(r2,r0)))",4,40,200,"add(i0, mul(-1, r0))",2
716,3,"add(i0,sub(r2,add(r2,r0)))",4,40,300,"add(i0, mul(-1, r0))",2
717,3,"add(i0,sub(r2,add(r2,r0)))",4,60,100,"add(i0, mul(-1, r0))",2
718,3,"add(i0,sub(r2,add(r2,r0)))",4,60,200,"add(i0, mul(-1, r0))",2
719,3,"add(i0,sub(r2,add(r2,r0)))",4,60,300,"add(i0, mul(-1, r0))",2
720,3,"add(r2,sub(r2,add(r2,r0)))",0,20,100,"add(r2, mul(-1, r0))",2
721,3,"add(r2,sub(r2,add(r2,r0)))",0,20,200,"add(r2, mul(-1, r0))",2
722,3,"add(r2,sub(r2,add(r2,r0)))",0,20,300,"add(r2, mul(-1, r0))",2
723,3,"add(r2,sub(r2,add(r2,r0)))",0,40,100,"add(r2, mul(-1, r0))",2
724,3,"add(r2,sub(r2,add(r2,r0)))",0,40,200,"add(r2, mul(-1, r0))",2
725,3,"add(r2,sub(r2,add(r2,r0)))",0,40,300,"add(r2, mul(-1, r0))",2
726,3,"add(r2,sub(r2,add(r2,r0)))",0,60,100,"add(r2, mul(-1, r0))",2
727,3,"add(r2,sub(r2,add(r2,r0)))",0,60,200,"add(r2, mul(-1, r0))",2
728,3,"add(r2,sub(r2,add(r2,r0)))",0,60,300,"add(r2, mul(-1, r0))",2
729,3,"add(r2,sub(r2,add(r2,r0)))",1,20,100,"add(r2, mul(-1, r0))",2
730,3,"add(r2,sub(r2,add(r2,r0)))",1,20,200,"add(r2, mul(-1, r0))",2
731,3,"add(r2,sub(r2,add(r2,r0)))",1,20,300,"add(r2, mul(-1, r0))",2
732,3,"add(r2,sub(r2,add(r2,r0)))",1,40,100,"add(r2, mul(-1, r0))",2
733,3,"add(r2,sub(r2,add(r2,r0)))",1,40,200,"add(r2, mul(-1, r0))",2
734,3,"add(r2,sub(r2,add(r2,r0)))",1,40,300,"add(r2, mul(-1, r0))",2
735,3,"add(r2,sub(r2,add(r2,r0)))",1,60,100,"add(r2, mul(-1, r0))",2
736,3,"add(r2,sub(r2,add(r2,r0)))",1,60,200,"add(r2, mul(-1, r0))",2
737,3,"add(r2,sub(r2,add(r2,r0)))",1,60,300,"add(r2, mul(-1, r0))",2
738,3,"add(r2,sub(r2,add(r2,r0)))",2,20,100,"add(r2, mul(-1, r0))",2
739,3,"add(r2,sub(r2,add(r2,r0)))",2,20,200,"add(r2, mul(-1, r0))",2
740,3,"add(r2,sub(r2,add(r2,r0)))",2,20,300,"add(r2, mul(-1, r0))",2
741,3,"add(r2,sub(r2,add(r2,r0)))",2,40,100,"add(r2, mul(-1, r0))",2
742,3,"add(r2,sub(r2,add(r2,r0)))",2,40,200,"add(r2, mul(-1, r0))",2
743,3,"add(r2,sub(r2,add(r2,r0)))",2,40,300,"add(r2, mul(-1, r0))",2
744,3,"add(r2,sub(r2,add(r2,r0)))",2,60,100,"add(r2, mul(-1, r0))",2
745,3,"add(r2,sub(r2,add(r2,r0)))",2,60,200,"add(r2, mul(-1, r0))",2
746,3,"add(r2,sub(r2,add(r2,r0)))",2,60,300,"add(r2, mul(-1, r0))",2
747,3,"add(r2,sub(r2,add(r2,r0)))",3,20,100,"add(r2, mul(-1, r0))",2
748,3,"add(r2,sub(r2,add(r2,r0)))",3,20,200,"add(r2, mul(-1, r0))",2
749,3,"add(r2,sub(r2,add(r2,r0)))",3,20,300,"add(r2, mul(-1, r0))",2
750,3,"add(r2,sub(r2,add(r2,r0)))",3,40,100,"add(r2, mul(-1, r0))",2
751,3,"add(r2,sub(r2,add(r2,r0)))",3,40,200,"add(r2, mul(-1, r0))",2
752,3,"add(r2,sub(r2,add(r2,r0)))",3,40,300,"add(r2, mul(-1, r0))",2
753,3,"add(r2,sub(r2,add(r2,r0)))",3,60,100,"add(r2, mul(-1, r0))",2
754,3,"add(r2,sub(r2,add(r2,r0)))",3,60,200,"add(r2, mul(-1, r0))",2
755,3,"add(r2,sub(r2,add(r2,r0)))",3,60,300,"add(r2, mul(-1, r0))",2
756,3,"add(r2,sub(r2,add(r2,r0)))",4,20,100,"add(r2, mul(-1, r0))",2
757,3,"add(r2,sub(r2,add(r2,r0)))",4,20,200,"add(r2, mul(-1, r0))",2
758,3,"add(r2,sub(r2,add(r2,r0)))",4,20,300,"add(r2, mul(-1, r0))",2
759,3,"add(r2,sub(r2,add(r2,r0)))",4,40,100,"add(r2, mul(-1, r0))",2
760,3,"add(r2,sub(r2,add(r2,r0)))",4,40,200,"add(r2, mul(-1, r0))",2
761,3,"add(r2,sub(r2,add(r2,r0)))",4,40,300,"add(r2, mul(-1, r0))",2
762,3,"add(r2,sub(r2,add(r2,r0)))",4,60,100,"add(r2, mul(-1, r0))",2
763,3,"add(r2,sub(r2,add(r2,r0)))",4,60,200,"add(r2, mul(-1, r0))",2
764,3,"add(r2,sub(r2,add(r2,r0)))",4,60,300,"add(r2, mul(-1, r0))",2
765,3,"add(i0,sub(r2,add(r2,r0)))",0,20,100,"add(i0, mul(-1, r0))",2
766,3,"add(i0,sub(r2,add(r2,r0)))",0,20,200,"add(i0, mul(-1, r0))",2
767,3,"add(i0,sub(r2,add(r2,r0)))",0,20,300,"add(i0, mul(-1, r0))",2
768,3,"add(i0,sub(r2,add(r2,r0)))",0,40,100,"add(i0, mul(-1, r0))",2
769,3,"add(i0,sub(r2,add(r2,r0)))",0,40,200,"add(i0, mul(-1, r0))",2
770,3,"add(i0,sub(r2,add(r2,r0)))",0,40,300,"add(i0, mul(-1, r0))",2
771,3,"add(i0,sub(r2,add(r2,r0)))",0,60,100,"add(i0, mul(-1, r0))",2
772,3,"add(i0,sub(r2,add(r2,r0)))",0,60,200,"add(i0, mul(-1, r0))",2
773,3,"add(i0,sub(r2,add(r2,r0)))",0,60,300,"add(i0, mul(-1, r0))",2
774,3,"add(i0,sub(r2,add(r2,r0)))",1,20,100,"add(i0, mul(-1, r0))",2
775,3,"add(i0,sub(r2,add(r2,r0)))",1,20,200,"add(i0, mul(-1, r0))",2
776,3,"add(i0,sub(r2,add(r2,r0)))",1,20,300,"add(i0, mul(-1, r0))",2
777,3,"add(i0,sub(r2,add(r2,r0)))",1,40,100,"add(i0, mul(-1, r0))",2
778,3,"add(i0,sub(r2,add(r2,r0)))",1,40,200,"add(i0, mul(-1, r0))",2
779,3,"add(i0,sub(r2,add(r2,r0)))",1,40,300,"add(i0, mul(-1, r0))",2
780,3,"add(i0,sub(r2,add(r2,r0)))",1,60,100,"add(i0, mul(-1, r0))",2
781,3,"add(i0,sub(r2,add(r2,r0)))",1,60,200,"add(i0, mul(-1, r0))",2
782,3,"add(i0,sub(r2,add(r2,r0)))",1,60,300,"add(i0, mul(-1, r0))",2
783,3,"add(i0,sub(r2,add(r2,r0)))",2,20,100,"add(i0, mul(-1, r0))",2
784,3,"add(i0,sub(r2,add(r2,r0)))",2,20,200,"add(i0, mul(-1, r0))",2
785,3,"add(i0,sub(r2,add(r2,r0)))",2,20,300,"add(i0, mul(-1, r0))",2
786,3,"add(i0,sub(r2,add(r2,r0)))",2,40,100,"add(i0, mul(-1, r0))",2
787,3,"add(i0,sub(r2,add(r2,r0)))",2,40,200,"add(i0, mul(-1, r0))",2
788,3,"add(i0,sub(r2,add(r2,r0)))",2,40,300,"add(i0, mul(-1, r0))",2
789,3,"add(i0,sub(r2,add(r2,r0)))",2,60,100,"add(i0, mul(-1, r0))",2
790,3,"add(i0,sub(r2,add(r2,r0)))",2,60,200,"add(i0, mul(-1, r0))",2
791,3,"add(i0,sub(r2,add(r2,r0)))",2,60,300,"add(i0, mul(-1, r0))",2
792,3,"add(i0,sub(r2,add(r2,r0)))",3,20,100,"add(i0, mul(-1, r0))",2
793,3,"add(i0,sub(r2,add(r2,r0)))",3,20,200,"add(i0, mul(-1, r0))",2
794,3,"add(i0,sub(r2,add(r2,r0)))",3,20,300,"add(i0, mul(-1, r0))",2
795,3,"add(i0,sub(r2,add(r2,r0)))",3,40,100,"add(i0, mul(-1, r0))",2
796,3,"add(i0,sub(r2,add(r2,r0)))",3,40,200,"add(i0, mul(-1, r0))",2
797,3,"add(i0,sub(r2,add(r2,r0)))",3,40,300,"add(i0, mul(-1, r0))",2
798,3,"add(i0,sub(r2,add(r2,r0)))",3,60,100,"add(i0, mul(-1, r0))",2
799,3,"add(i0,sub(r2,add(r2,r0)))",3,60,200,"add(i0, mul(-1, r0))",2
800,3,"add(i0,sub(r2,add(r2,r0)))",3,60,300,"add(i0, mul(-1, r0))",2
801,3,"add(i0,sub(r2,add(r2,r0)))",4,20,100,"add(i0, mul(-1, r0))",2
802,3,"add(i0,sub(r2,add(r2,r0)))",4,20,200,"add(i0, mul(-1, r0))",2
803,3,"add(i0,sub(r2,add(r2,r0)))",4,20,300,"add(i0, mul(-1, r0))",2
804,3,"add(i0,sub(r2,add(r2,r0)))",4,40,100,"add(i0, mul(-1, r0))",2
805,3,"add(i0,sub(r2,add(r2,r0)))",4,40,200,"add(i0, mul(-1, r0))",2
806,3,"add(i0,sub(r2,add(r2,r0)))",4,40,300,"add(i0, mul(-1, r0))",2
807,3,"add(i0,sub(r2,add(r2,r0)))",4,60,100,"add(i0, mul(-1, r0))",2
808,3,"add(i0,sub(r2,add(r2,r0)))",4,60,200,"add(i0, mul(-1, r0))",2
809,3,"add(i0,sub(r2,add(r2,r0)))",4,60,300,"add(i0, mul(-1, r0))",2
810,1,"sub(r2,i0)",0,20,100,"add(r2, mul(-1, i0))",3
811,1,"sub(r2,i0)",0,20,200,"add(r2, mul(-1, i0))",3
812,1,"sub(r2,i0)",0,20,300,"add(r2, mul(-1, i0))",3
813,1,"sub(r2,i0)",0,40,100,"add(r2, mul(-1, i0))",3
814,1,"sub(r2,i0)",0,40,200,"add(r2, mul(-1, i0))",3
815,1,"sub(r2,i0)",0,40,300,"add(r2, mul(-1, i0))",3
816,1,"sub(r2,i0)",0,60,100,"add(r2, mul(-1, i0))",3
817,1,"sub(r2,i0)",0,60,200,"add(r2, mul(-1, i0))",3
818,1,"sub(r2,i0)",0,60,300,"add(r2, mul(-1, i0))",3
819,1,"sub(r2,i0)",1,20,100,"add(r2, mul(-1, i0))",3
820,1,"sub(r2,i0)",1,20,200,"add(r2, mul(-1, i0))",3
821,1,"sub(r2,i0)",1,20,300,"add(r2, mul(-1, i0))",3
822,1,"sub(r2,i0)",1,40,100,"add(r2, mul(-1, i0))",3
823,1,"sub(r2,i0)",1,40,200,"add(r2, mul(-1, i0))",3
824,1,"sub(r2,i0)",1,40,300,"add(r2, mul(-1, i0))",3
825,1,"sub(r2,i0)",1,60,100,"add(r2, mul(-1, i0))",3
826,1,"sub(r2,i0)",1,60,200,"add(r2, mul(-1, i0))",3
827,1,"sub(r2,i0)",1,60,300,"add(r2, mul(-1, i0))",3
828,1,"sub(r2,i0)",2,20,100,"add(r2, mul(-1, i0))",3
829,1,"sub(r2,i0)",2,20,200,"add(r2, mul(-1, i0))",3
830,1,"sub(r2,i0)",2,20,300,"add(r2, mul(-1, i0))",3
831,1,"sub(r2,i0)",2,40,100,"add(r2, mul(-1, i0))",3
832,1,"sub(r2,i0)",2,40,200,"add(r2, mul(-1, i0))",3
833,1,"sub(r2,i0)",2,40,300,"add(r2, mul(-1, i0))",3
834,1,"sub(r2,i0)",2,60,100,"add(r2, mul(-1, i0))",3
835,1,"sub(r2,i0)",2,60,200,"add(r2, mul(-1, i0))",3
836,1,"sub(r2,i0)",2,60,300,"add(r2, mul(-1, i0))",3
837,1,"sub(r2,i0)",3,20,100,"add(r2, mul(-1, i0))",3
838,1,"sub(r2,i0)",3,20,200,"add(r2, mul(-1, i0))",3
839,1,"sub(r2,i0)",3,20,300,"add(r2, mul(-1, i0))",3
840,1,"sub(r2,i0)",3,40,100,"add(r2, mul(-1, i0))",3
841,1,"sub(r2,i0)",3,40,200,"add(r2, mul(-1, i0))",3
842,1,"sub(r2,i0)",3,40,300,"add(r2, mul(-1, i0))",3
843,1,"sub(r2,i0)",3,60,100,"add(r2, mul(-1, i0))",3
844,1,"sub(r2,i0)",3,60,200,"add(r2, mul(-1, i0))",3
845,1,"sub(r2,i0)",3,60,300,"add(r2, mul(-1, i0))",3
846,1,"sub(r2,i0)",4,20,100,"add(r2, mul(-1, i0))",3
847,1,"sub(r2,i0)",4,20,200,"add(r2, mul(-1, i0))",3
848,1,"sub(r2,i0)",4,20,300,"add(r2, mul(-1, i0))",3
849,1,"sub(r2,i0)",4,40,100,"add(r2, mul(-1, i0))",3
850,1,"sub(r2,i0)",4,40,200,"add(r2, mul(-1, i0))",3
851,1,"sub(r2,i0)",4,40,300,"add(r2, mul(-1, i0))",3
852,1,"sub(r2,i0)",4,60,100,"add(r2, mul(-1, i0))",3
853,1,"sub(r2,i0)",4,60,200,"add(r2, mul(-1, i0))",3
854,1,"sub(r2,i0)",4,60,300,"add(r2, mul(-1, i0))",3
855,1,"sub(r1,i0)",0,20,100,"add(r1, mul(-1, i0))",3
856,1,"sub(r1,i0)",0,20,200,"add(r1, mul(-1, i0))",3
857,1,"sub(r1,i0)",0,20,300,"add(r1, mul(-1, i0))",3
858,1,"sub(r1,i0)",0,40,100,"add(r1, mul(-1, i0))",3
859,1,"sub(r1,i0)",0,40,200,"add(r1, mul(-1, i0))",3
860,1,"sub(r1,i0)",0,40,300,"add(r1, mul(-1, i0))",3
861,1,"sub(r1,i0)",0,60,100,"add(r1, mul(-1, i0))",3
862,1,"sub(r1,i0)",0,60,200,"add(r1, mul(-1, i0))",3
863,1,"sub(r1,i0)",0,60,300,"add(r1, mul(-1, i0))",3
864,1,"sub(r1,i0)",1,20,100,"add(r1, mul(-1, i0))",3
865,1,"sub(r1,i0)",1,20,200,"add(r1, mul(-1, i0))",3
866,1,"sub(r1,i0)",1,20,300,"add(r1, mul(-1, i0))",3
867,1,"sub(r1,i0)",1,40,100,"add(r1, mul(-1, i0))",3
868,1,"sub(r1,i0)",1,40,200,"add(r1, mul(-1, i0))",3
869,1,"sub(r1,i0)",1,40,300,"add(r1, mul(-1, i0))",3
870,1,"sub(r1,i0)",1,60,100,"add(r1, mul(-1, i0))",3
871,1,"sub(r1,i0)",1,60,200,"add(r1, mul(-1, i0))",3
872,1,"sub(r1,i0)",1,60,300,"add(r1, mul(-1, i0))",3
873,1,"sub(r1,i0)",2,20,100,"add(r1, mul(-1, i0))",3
874,1,"sub(r1,i0)",2,20,200,"add(r1, mul(-1, i0))",3
875,1,"sub(r1,i0)",2,20,300,"add(r1, mul(-1, i0))",3
876,1,"sub(r1,i0)",2,40,100,"add(r1, mul(-1, i0))",3
877,1,"sub(r1,i0)",2,40,200,"add(r1, mul(-1, i0))",3
878,1,"sub(r1,i0)",2,40,300,"add(r1, mul(-1, i0))",3
879,1,"sub(r1,i0)",2,60,100,"add(r1, mul(-1, i0))",3
880,1,"sub(r1,i0)",2,60,200,"add(r1, mul(-1, i0))",3
881,1,"sub(r1,i0)",2,60,300,"add(r1, mul(-1, i0))",3
882,1,"sub(r1,i0)",3,20,100,"add(r1, mul(-1, i0))",3
883,1,"sub(r1,i0)",3,20,200,"add(r1, mul(-1, i0))",3
884,1,"sub(r1,i0)",3,20,300,"add(r1, mul(-1, i0))",3
885,1,"sub(r1,i0)",3,40,100,"add(r1, mul(-1, i0))",3
886,1,"sub(r1,i0)",3,40,200,"add(r1, mul(-1, i0))",3
887,1,"sub(r1,i0)",3,40,300,"add(r1, mul(-1, i0))",3
888,1,"sub(r1,i0)",3,60,100,"add(r1, mul(-1, i0))",3
889,1,"sub(r1,i0)",3,60,200,"add(r1, mul(-1, i0))",3
890,1,"sub(r1,i0)",3,60,300,"add(r1, mul(-1, i0))",3
891,1,"sub(r1,i0)",4,20,100,"add(r1, mul(-1, i0))",3
892,1,"sub(r1,i0)",4,20,200,"add(r1, mul(-1, i0))",3
893,1,"sub(r1,i0)",4,20,300,"add(r1, mul(-1, i0))",3
894,1,"sub(r1,i0)",4,40,100,"add(r1, mul(-1, i0))",3
895,1,"sub(r1,i0)",4,40,200,"add(r1, mul(-1, i0))",3
896,1,"sub(r1,i0)",4,40,300,"add(r1, mul(-1, i0))",3
897,1,"sub(r1,i0)",4,60,100,"add(r1, mul(-1, i0))",3
898,1,"sub(r1,i0)",4,60,200,"add(r1, mul(-1, i0))",3
899,1,"sub(r1,i0)",4,60,300,"add(r1, mul(-1, i0))",3
900,1,"mul(r2,i0)",0,20,100,"mul(i0, r2)",3
901,1,"mul(r2,i0)",0,20,200,"mul(i0, r2)",3
902,1,"mul(r2,i0)",0,20,300,"mul(i0, r2)",3
903,1,"mul(r2,i0)",0,40,100,"mul(i0, r2)",3
904,1,"mul(r2,i0)",0,40,200,"mul(i0, r2)",3
905,1,"mul(r2,i0)",0,40,300,"mul(i0, r2)",3
906,1,"mul(r2,i0)",0,60,100,"mul(i0, r2)",3
907,1,"mul(r2,i0)",0,60,200,"mul(i0, r2)",3
908,1,"mul(r2,i0)",0,60,300,"mul(i0, r2)",3
909,1,"mul(r2,i0)",1,20,100,"mul(i0, r2)",3
910,1,"mul(r2,i0)",1,20,200,"mul(i0, r2)",3
911,1,"mul(r2,i0)",1,20,300,"mul(i0, r2)",3
912,1,"mul(r2,i0)",1,40,100,"mul(i0, r2)",3
913,1,"mul(r2,i0)",1,40,200,"mul(i0, r2)",3
914,1,"mul(r2,i0)",1,40,300,"mul(i0, r2)",3
915,1,"mul(r2,i0)",1,60,100,"mul(i0, r2)",3
916,1,"mul(r2,i0)",1,60,200,"mul(i0, r2)",3
917,1,"mul(r2,i0)",1,60,300,"mul(i0, r2)",3
918,1,"mul(r2,i0)",2,20,100,"mul(i0, r2)",3
919,1,"mul(r2,i0)",2,20,200,"mul(i0, r2)",3
920,1,"mul(r2,i0)",2,20,300,"mul(i0, r2)",3
921,1,"mul(r2,i0)",2,40,100,"mul(i0, r2)",3
922,1,"mul(r2,i0)",2,40,200,"mul(i0, r2)",3
923,1,"mul(r2,i0)",2,40,300,"mul(i0, r2)",3
924,1,"mul(r2,i0)",2,60,100,"mul(i0, r2)",3
925,1,"mul(r2,i0)",2,60,200,"mul(i0, r2)",3
926,1,"mul(r2,i0)",2,60,300,"mul(i0, r2)",3
927,1,"mul(r2,i0)",3,20,100,"mul(i0, r2)",3
928,1,"mul(r2,i0)",3,20,200,"mul(i0, r2)",3
929,1,"mul(r2,i0)",3,20,300,"mul(i0, r2)",3
930,1,"mul(r2,i0)",3,40,100,"mul(i0, r2)",3
931,1,"mul(r2,i0)",3,40,200,"mul(i0, r2)",3
932,1,"mul(r2,i0)",3,40,300,"mul(i0, r2)",3
933,1,"mul(r2,i0)",3,60,100,"mul(i0, r2)",3
934,1,"mul(r2,i0)",3,60,200,"mul(i0, r2)",3
935,1,"mul(r2,i0)",3,60,300,"mul(i0, r2)",3
936,1,"mul(r2,i0)",4,20,100,"mul(i0, r2)",3
937,1,"mul(r2,i0)",4,20,200,"mul(i0, r2)",3
938,1,"mul(r2,i0)",4,20,300,"mul(i0, r2)",3
939,1,"mul(r2,i0)",4,40,100,"mul(i0, r2)",3
940,1,"mul(r2,i0)",4,40,200,"mul(i0, r2)",3
941,1,"mul(r2,i0)",4,40,300,"mul(i0, r2)",3
942,1,"mul(r2,i0)",4,60,100,"mul(i0, r2)",3
943,1,"mul(r2,i0)",4,60,200,"mul(i0, r2)",3
944,1,"mul(r2,i0)",4,60,300,"mul(i0, r2)",3
945,2,"add(r2,add(r1,i2))",0,20,100,"add(9, r2)",3
946,2,"add(r2,add(r1,i2))",0,20,200,"add(r2, add(i1, i2))",3
947,2,"add(r2,add(r1,i2))",0,20,300,"add(r2, add(i1, i2))",3
948,2,"add(r2,add(r1,i2))",0,40,100,"add(r2, add(i2, r1))",3
949,2,"add(r2,add(r1,i2))",0,40,200,"add(r2, add(i2, r1))",3
950,2,"add(r2,add(r1,i2))",0,40,300,"add(r2, add(i2, r1))",3
951,2,"add(r2,add(r1,i2))",0,60,100,"add(r2, mul(2, i2))",3
952,2,"add(r2,add(r1,i2))",0,60,200,"add(8, add(r1, i2))",3
953,2,"add(r2,add(r1,i2))",0,60,300,"add(i2, add(r1, r2))",3
954,2,"add(r2,add(r1,i2))",1,20,100,"add(i2, add(i1, r2))",3
955,2,"add(r2,add(r1,i2))",1,20,200,"add(i2, add(i1, r2))",3
956,2,"add(r2,add(r1,i2))",1,20,300,"add(i2, add(i1, r2))",3
957,2,"add(r2,add(r1,i2))",1,40,100,"add(8, i2)",3
958,2,"add(r2,add(r1,i2))",1,40,200,"add(5, add(r2, i2))",3
959,2,"add(r2,add(r1,i2))",1,40,300,"add(r1, add(r2, i2))",3
960,2,"add(r2,add(r1,i2))",1,60,100,"add(r1, add(r2, r0))",3
961,2,"add(r2,add(r1,i2))",1,60,200,"add(r2, add(r1, i2))",3
962,2,"add(r2,add(r1,i2))",1,60,300,"add(r2, add(r1, i2))",3
963,2,"add(r2,add(r1,i2))",2,20,100,"add(r1, add(r2, i2))",3
964,2,"add(r2,add(r1,i2))",2,20,200,"add(r1, add(r2, i2))",3
965,2,"add(r2,add(r1,i2))",2,20,300,"add(r1, add(r2, i2))",3
966,2,"add(r2,add(r1,i2))",2,40,100,"add(r1, r2)",3
967,2,"add(r2,add(r1,i2))",2,40,200,"add(r0, add(r1, r2))",3
968,2,"add(r2,add(r1,i2))",2,40,300,"add(3, add(i2, r1))",3
969,2,"add(r2,add(r1,i2))",2,60,100,"add(8, i2)",3
970,2,"add(r2,add(r1,i2))",2,60,200,"add(i2, add(r2, r1))",3
971,2,"add(r2,add(r1,i2))",2,60,300,"add(i2, add(r2, r1))",3
972,2,"add(r2,add(r1,i2))",3,20,100,"add(r1, add(r2, i2))",3
973,2,"add(r2,add(r1,i2))",3,20,200,"add(r1, add(r2, i2))",3
974,2,"add(r2,add(r1,i2))",3,20,300,"add(r1, add(r2, i2))",3
975,2,"add(r2,add(r1,i2))",3,40,100,"add(8, i2)",3
976,2,"add(r2,add(r1,i2))",3,40,200,"add(4, add(i2, r2))",3
977,2,"add(r2,add(r1,i2))",3,40,300,"add(r2, add(r1, i2))",3
978,2,"add(r2,add(r1,i2))",3,60,100,"add(r0, add(r1, r2))",3
979,2,"add(r2,add(r1,i2))",3,60,200,"add(r2, mul(2, i2))",3
980,2,"add(r2,add(r1,i2))",3,60,300,"add(r1, add(i2, r2))",3
981,2,"add(r2,add(r1,i2))",4,20,100,"add(9, r2)",3
982,2,"add(r2,add(r1,i2))",4,20,200,"add(r1, add(i2, r2))",3
983,2,"add(r2,add(r1,i2))",4,20,300,"add(r1, add(i2, r2))",3
984,2,"add(r2,add(r1,i2))",4,40,100,"add(8, i2)",3
985,2,"add(r2,add(r1,i2))",4,40,200,"add(8, i2)",3
986,2,"add(r2,add(r1,i2))",4,40,300,"add(r1, add(r2, i2))",3
987,2,"add(r2,add(r1,i2))",4,60,100,"add(r0, add(r2, r1))",3
988,2,"add(r2,add(r1,i2))",4,60,200,"add(r1, add(r2, i2))",3
989,2,"add(r2,add(r1,i2))",4,60,300,"add(r1, add(r2, i2))",3
990,2,"add(r1,add(r1,i2))",0,20,100,"add(9, r1)",3
991,2,"add(r1,add(r1,i2))",0,20,200,"add(mul(2, r1), i2)",3
992,2,"add(r1,add(r1,i2))",0,20,300,"add(mul(2, r1), i2)",3
993,2,"add(r1,add(r1,i2))",0,40,100,"add(8, r1)",3
994,2,"add(r1,add(r1,i2))",0,40,200,"add(9, r1)",3
995,2,"add(r1,add(r1,i2))",0,40,300,"add(i2, mul(2, r1))",3
996,2,"add(r1,add(r1,i2))",0,60,100,"add(9, r1)",3
997,2,"add(r1,add(r1,i2))",0,60,200,"add(i2, mul(2, r1))",3
998,2,"add(r1,add(r1,i2))",0,60,300,"add(i2, mul(2, r1))",3
999,2,"add(r1,add(r1,i2))",1,20,100,"add(9, r1)",3
1000,2,"add(r1,add(r1,i2))",1,20,200,"add(9, r1)",3
1001,2,"add(r1,add(r1,i2))",1,20,300,"add(9, r1)",3
1002,2,"add(r1,add(r1,i2))",1,40,100,"add(9, r1)",3
1003,2,"add(r1,add(r1,i2))",1,40,200,"add(9, r1)",3
1004,2,"add(r1,add(r1,i2))",1,40,300,"add(mul(2, r1), i2)",3
1005,2,"add(r1,add(r1,i2))",1,60,100,"add(9, r1)",3
1006,2,"add(r1,add(r1,i2))",1,60,200,"add(9, r1)",3
1007,2,"add(r1,add(r1,i2))",1,60,300,"add(9, r1)",3
1008,2,"add(r1,add(r1,i2))",2,20,100,"add(9, r1)",3
1009,2,"add(r1,add(r1,i2))",2,20,200,"add(9, r1)",3
1010,2,"add(r1,add(r1,i2))",2,20,300,"add(mul(2, r1), i2)",3
1011,2,"add(r1,add(r1,i2))",2,40,100,"add(9, r1)",3
1012,2,"add(r1,add(r1,i2))",2,40,200,"add(i2, mul(2, r1))",3
1013,2,"add(r1,add(r1,i2))",2,40,300,"add(i2, mul(2, r1))",3
1014,2,"add(r1,add(r1,i2))",2,60,100,"add(9, r1)",3
1015,2,"add(r1,add(r1,i2))",2,60,200,"add(9, r1)",3
1016,2,"add(r1,add(r1,i2))",2,60,300,"add(9, r1)",3
1017,2,"add(r1,add(r1,i2))",3,20,100,"add(9, r1)",3
1018,2,"add(r1,add(r1,i2))",3,20,200,"add(9, r1)",3
1019,2,"add(r1,add(r1,i2))",3,20,300,"add(i2, mul(2, r1))",3
1020,2,"add(r1,add(r1,i2))",3,40,100,"add(9, r1)",3
1021,2,"add(r1,add(r1,i2))",3,40,200,"add(9, r1)",3
1022,2,"add(r1,add(r1,i2))",3,40,300,"add(mul(2, r1), i2)",3
1023,2,"add(r1,add(r1,i2))",3,60,100,"add(12, r1)",3
1024,2,"add(r1,add(r1,i2))",3,60,200,"add(9, r1)",3
1025,2,"add(r1,add(r1,i2))",3,60,300,"add(9, r1)",3
1026,2,"add(r1,add(r1,i2))",4,20,100,"add(9, r1)",3
1027,2,"add(r1,add(r1,i2))",4,20,200,"add(9, r1)",3
1028,2,"add(r1,add(r1,i2))",4,20,300,"add(mul(2, r1), i2)",3
1029,2,"add(r1,add(r1,i2))",4,40,100,"add(14, i2)",3
1030,2,"add(r1,add(r1,i2))",4,40,200,"add(9, r1)",3
1031,2,"add(r1,add(r1,i2))",4,40,300,"add(mul(2, r1), i2)",3
1032,2,"add(r1,add(r1,i2))",4,60,100,"add(9, r1)",3
1033,2,"add(r1,add(r1,i2))",4,60,200,"add(9, r1)",3
1034,2,"add(r1,add(r1,i2))",4,60,300,"add(9, r1)",3
1035,2,"add(r2,add(r1,i2))",0,20,100,"add(9, i2)",3
1036,2,"add(r2,add(r1,i2))",0,20,200,"add(10, i2)",3
1037,2,"add(r2,add(r1,i2))",0,20,300,"add(r1, add(r2, i2))",3
1038,2,"add(r2,add(r1,i2))",0,40,100,"add(10, i2)",3
1039,2,"add(r2,add(r1,i2))",0,40,200,"add(r2, add(i2, r1))",3
1040,2,"add(r2,add(r1,i2))",0,40,300,"add(r2, add(i2, r1))",3
1041,2,"add(r2,add(r1,i2))",0,60,100,"add(i2, add(r2, r1))",3
1042,2,"add(r2,add(r1,i2))",0,60,200,"add(i2, add(r2, r1))",3
1043,2,"add(r2,add(r1,i2))",0,60,300,"add(i2, add(r2, r1))",3
1044,2,"add(r2,add(r1,i2))",1,20,100,"add(9, r1)",3
1045,2,"add(r2,add(r1,i2))",1,20,200,"add(10, i2)",3
1046,2,"add(r2,add(r1,i2))",1,20,300,"add(10, i2)",3
1047,2,"add(r2,add(r1,i2))",1,40,100,"add(10, i2)",3
1048,2,"add(r2,add(r1,i2))",1,40,200,"add(10, i2)",3
1049,2,"add(r2,add(r1,i2))",1,40,300,"add(i2, add(r2, r1))",3
1050,2,"add(r2,add(r1,i2))",1,60,100,"add(9, r1)",3
1051,2,"add(r2,add(r1,i2))",1,60,200,"add(5, add(i2, r1))",3
1052,2,"add(r2,add(r1,i2))",1,60,300,"add(r2, add(r1, i2))",3
1053,2,"add(r2,add(r1,i2))",2,20,100,"add(10, i2)",3
1054,2,"add(r2,add(r1,i2))",2,20,200,"add(10, i2)",3
1055,2,"add(r2,add(r1,i2))",2,20,300,"add(r2, add(r1, i2))",3
1056,2,"add(r2,add(r1,i2))",2,40,100,"add(i2, mul(2, r1))",3
1057,2,"add(r2,add(r1,i2))",2,40,200,"add(r2, add(i2, r1))",3
1058,2,"add(r2,add(r1,i2))",2,40,300,"add(r2, add(i2, r1))",3
1059,2,"add(r2,add(r1,i2))",2,60,100,"add(9, r1)",3
1060,2,"add(r2,add(r1,i2))",2,60,200,"add(1, add(r2, i2))",3
1061,2,"add(r2,add(r1,i2))",2,60,300,"add(i2, add(r1, r2))",3
1062,2,"add(r2,add(r1,i2))",3,20,100,"add(10, i2)",3
1063,2,"add(r2,add(r1,i2))",3,20,200,"add(10, i2)",3
1064,2,"add(r2,add(r1,i2))",3,20,300,"add(10, i2)",3
1065,2,"add(r2,add(r1,i2))",3,40,100,"add(9, r1)",3
1066,2,"add(r2,add(r1,i2))",3,40,200,"add(10, i2)",3
1067,2,"add(r2,add(r1,i2))",3,40,300,"add(10, i2)",3
1068,2,"add(r2,add(r1,i2))",3,60,100,"add(14, add(r1, mul(-1, i0)))",3
1069,2,"add(r2,add(r1,i2))",3,60,200,"add(r2, add(i2, r1))",3
1070,2,"add(r2,add(r1,i2))",3,60,300,"add(r2, add(i2, r1))",3
1071,2,"add(r2,add(r1,i2))",4,20,100,16,3
1072,2,"add(r2,add(r1,i2))",4,20,200,"add(10, i2)",3
1073,2,"add(r2,add(r1,i2))",4,20,300,"add(r2, add(i2, r1))",3
1074,2,"add(r2,add(r1,i2))",4,40,100,"add(9, r1)",3
1075,2,"add(r2,add(r1,i2))",4,40,200,"add(10, i2)",3
1076,2,"add(r2,add(r1,i2))",4,40,300,"add(r2, add(i2, r1))",3
1077,2,"add(r2,add(r1,i2))",4,60,100,"add(r1, add(r2, i2))",3
1078,2,"add(r2,add(r1,i2))",4,60,200,"add(r1, add(r2, i2))",3
1079,2,"add(r2,add(r1,i2))",4,60,300,"add(r1, add(r2, i2))",3
1080,3,"mul(r2,add(r1,add(r1,i2)))",0,20,100,"mul(18, r2)",3
1081,3,"mul(r2,add(r1,add(r1,i2)))",0,20,200,"mul(r2, add(9, r1))",3
1082,3,"mul(r2,add(r1,add(r1,i2)))",0,20,300,"mul(r2, add(9, r1))",3
1083,3,"mul(r2,add(r1,add(r1,i2)))",0,40,100,"mul(i2, add(r1, r2))",3
1084,3,"mul(r2,add(r1,add(r1,i2)))",0,40,200,"mul(r2, add(r2, i2))",3
1085,3,"mul(r2,add(r1,add(r1,i2)))",0,40,300,"mul(3, mul(r1, r2))",3
1086,3,"mul(r2,add(r1,add(r1,i2)))",0,60,100,"mul(r2, add(8, i0))",3
1087,3,"mul(r2,add(r1,add(r1,i2)))",0,60,200,"mul(10, r2)",3
1088,3,"mul(r2,add(r1,add(r1,i2)))",0,60,300,"mul(2, mul(r1, r2))",3
1089,3,"mul(r2,add(r1,add(r1,i2)))",1,20,100,"mul(r2, add(8, i0))",3
1090,3,"mul(r2,add(r1,add(r1,i2)))",1,20,200,"mul(r2, add(8, i0))",3
1091,3,"mul(r2,add(r1,add(r1,i2)))",1,20,300,"mul(2, mul(r1, r2))",3
1092,3,"mul(r2,add(r1,add(r1,i2)))",1,40,100,"mul(r2, add(i2, r1))",3
1093,3,"mul(r2,add(r1,add(r1,i2)))",1,40,200,"mul(r2, add(i2, r1))",3
1094,3,"mul(r2,add(r1,add(r1,i2)))",1,40,300,"mul(r2, add(i2, r1))",3
1095,3,"mul(r2,add(r1,add(r1,i2)))",1,60,100,"mul(9, r2)",3
1096,3,"mul(r2,add(r1,add(r1,i2)))",1,60,200,"mul(i2, add(r1, r2))",3
1097,3,"mul(r2,add(r1,add(r1,i2)))",1,60,300,"mul(r2, add(i2, r1))",3
1098,3,"mul(r2,add(r1,add(r1,i2)))",2,20,100,"mul(r2, add(i2, r0))",3
1099,3,"mul(r2,add(r1,add(r1,i2)))",2,20,200,"mul(r2, add(r2, i2))",3
1100,3,"mul(r2,add(r1,add(r1,i2)))",2,20,300,"mul(2, mul(r1, r2))",3
1101,3,"mul(r2,add(r1,add(r1,i2)))",2,40,100,"mul(r2, add(r1, i0))",3
1102,3,"mul(r2,add(r1,add(r1,i2)))",2,40,200,"mul(r2, add(r1, i0))",3
1103,3,"mul(r2,add(r1,add(r1,i2)))",2,40,300,"mul(2, mul(r1, r2))",3
1104,3,"mul(r2,add(r1,add(r1,i2)))",2,60,100,"mul(2, mul(i2, r2))",3
1105,3,"mul(r2,add(r1,add(r1,i2)))",2,60,200,"mul(2, mul(i2, r2))",3
1106,3,"mul(r2,add(r1,add(r1,i2)))",2,60,300,"mul(2, mul(i2, r2))",3
1107,3,"mul(r2,add(r1,add(r1,i2)))",3,20,100,"mul(16, r2)",3
1108,3,"mul(r2,add(r1,add(r1,i2)))",3,20,200,"mul(r2, add(r0, r1))",3
1109,3,"mul(r2,add(r1,add(r1,i2)))",3,20,300,"mul(r2, add(r0, r1))",3
1110,3,"mul(r2,add(r1,add(r1,i2)))",3,40,100,"mul(r2, add(r1, i0))",3
1111,3,"mul(r2,add(r1,add(r1,i2)))",3,40,200,"mul(r2, add(r1, i0))",3
1112,3,"mul(r2,add(r1,add(r1,i2)))",3,40,300,"mul(2, mul(r1, r2))",3
1113,3,"mul(r2,add(r1,add(r1,i2)))",3,60,100,"mul(r2, add(r2, i0))",3
1114,3,"mul(r2,add(r1,add(r1,i2)))",3,60,200,"mul(r2, add(i2, r2))",3
1115,3,"mul(r2,add(r1,add(r1,i2)))",3,60,300,"mul(r2, add(i2, r1))",3
1116,3,"mul(r2,add(r1,add(r1,i2)))",4,20,100,"add(i2, add(r1, mul(3, mul(r1, r2))))",3
1117,3,"mul(r2,add(r1,add(r1,i2)))",4,20,200,"add(i2, add(r1, mul(3, mul(r1, r2))))",3
1118,3,"mul(r2,add(r1,add(r1,i2)))",4,20,300,"mul(3, mul(r1, r2))",3
1119,3,"mul(r2,add(r1,add(r1,i2)))",4,40,100,"mul(9, r2)",3
1120,3,"mul(r2,add(r1,add(r1,i2)))",4,40,200,"mul(9, r2)",3
1121,3,"mul(r2,add(r1,add(r1,i2)))",4,40,300,"mul(r2, add(6, r2))",3
1122,3,"mul(r2,add(r1,add(r1,i2)))",4,60,100,"mul(i2, add(r2, r1))",3
1123,3,"mul(r2,add(r1,add(r1,i2)))",4,60,200,"mul(i2, add(r2, r1))",3
1124,3,"mul(r2,add(r1,add(r1,i2)))",4,60,300,"mul(2, mul(i2, r2))",3
1125,3,"mul(r1,add(r1,add(r1,i2)))",0,20,100,"mul(r1, add(9, i1))",3
1126,3,"mul(r1,add(r1,add(r1,i2)))",0,20,200,"mul(14, r1)",3
1127,3,"mul(r1,add(r1,add(r1,i2)))",0,20,300,"mul(r1, add(mul(2, r1), i1))",3
1128,3,"mul(r1,add(r1,add(r1,i2)))",0,40,100,"mul(r1, add(8, r1))",3
1129,3,"mul(r1,add(r1,add(r1,i2)))",0,40,200,"mul(r1, add(8, r1))",3
1130,3,"mul(r1,add(r1,add(r1,i2)))",0,40,300,"add(mul(i1, r1), mul(r1, add(5, r1)))",3
1131,3,"mul(r1,add(r1,add(r1,i2)))",0,60,100,"mul(18, r1)",3
1132,3,"mul(r1,add(r1,add(r1,i2)))",0,60,200,"mul(18, r1)",3
1133,3,"mul(r1,add(r1,add(r1,i2)))",0,60,300,"mul(18, r1)",3
1134,3,"mul(r1,add(r1,add(r1,i2)))",1,20,100,"add(i1, mul(24, r1))",3
1135,3,"mul(r1,add(r1,add(r1,i2)))",1,20,200,"mul(20, r1)",3
1136,3,"mul(r1,add(r1,add(r1,i2)))",1,20,300,"mul(20, r1)",3
1137,3,"mul(r1,add(r1,add(r1,i2)))",1,40,100,"add(mul(r1, add(i2, i0)), i0)",3
1138,3,"mul(r1,add(r1,add(r1,i2)))",1,40,200,"mul(r1, add(r0, r1))",3
1139,3,"mul(r1,add(r1,add(r1,i2)))",1,40,300,"add(30, add(mul(-1, i2), add(mul(r1, r1), mul(i2, r1))))",3
1140,3,"mul(r1,add(r1,add(r1,i2)))",1,60,100,"mul(20, r1)",3
1141,3,"mul(r1,add(r1,add(r1,i2)))",1,60,200,"mul(20, r1)",3
1142,3,"mul(r1,add(r1,add(r1,i2)))",1,60,300,"mul(20, r1)",3
1143,3,"mul(r1,add(r1,add(r1,i2)))",2,20,100,"mul(3, mul(r0, r1))",3
1144,3,"mul(r1,add(r1,add(r1,i2)))",2,20,200,"mul(r1, add(9, r1))",3
1145,3,"mul(r1,add(r1,add(r1,i2)))",2,20,300,"mul(r1, add(9, r1))",3
1146,3,"mul(r1,add(r1,add(r1,i2)))",2,40,100,"mul(r1, add(r1, r2))",3
1147,3,"mul(r1,add(r1,add(r1,i2)))",2,40,200,"mul(20, r1)",3
1148,3,"mul(r1,add(r1,add(r1,i2)))",2,40,300,"mul(20, r1)",3
1149,3,"mul(r1,add(r1,add(r1,i2)))",2,60,100,"mul(10, r1)",3
1150,3,"mul(r1,add(r1,add(r1,i2)))",2,60,200,"mul(24, r1)",3
1151,3,"mul(r1,add(r1,add(r1,i2)))",2,60,300,"mul(r1, add(9, i2))",3
1152,3,"mul(r1,add(r1,add(r1,i2)))",3,20,100,"mul(20, r2)",3
1153,3,"mul(r1,add(r1,add(r1,i2)))",3,20,200,"mul(18, r1)",3
1154,3,"mul(r1,add(r1,add(r1,i2)))",3,20,300,"mul(18, r1)",3
1155,3,"mul(r1,add(r1,add(r1,i2)))",3,40,100,"add(i1, mul(10, r1))",3
1156,3,"mul(r1,add(r1,add(r1,i2)))",3,40,200,"mul(r1, add(8, add(i1, i0)))",3
1157,3,"mul(r1,add(r1,add(r1,i2)))",3,40,300,"mul(r1, add(8, add(i1, i0)))",3
1158,3,"mul(r1,add(r1,add(r1,i2)))",3,60,100,"mul(16, r1)",3
1159,3,"mul(r1,add(r1,add(r1,i2)))",3,60,200,"mul(16, r1)",3
1160,3,"mul(r1,add(r1,add(r1,i2)))",3,60,300,"mul(18, r1)",3
1161,3,"mul(r1,add(r1,add(r1,i2)))",4,20,100,"mul(24, r1)",3
1162,3,"mul(r1,add(r1,add(r1,i2)))",4,20,200,"mul(12, r1)",3
1163,3,"mul(r1,add(r1,add(r1,i2)))",4,20,300,"mul(20, r1)",3
1164,3,"mul(r1,add(r1,add(r1,i2)))",4,40,100,"mul(20, r1)",3
1165,3,"mul(r1,add(r1,add(r1,i2)))",4,40,200,"mul(20, r1)",3
1166,3,"mul(r1,add(r1,add(r1,i2)))",4,40,300,"mul(20, r1)",3
1167,3,"mul(r1,add(r1,add(r1,i2)))",4,60,100,"mul(15, r1)",3
1168,3,"mul(r1,add(r1,add(r1,i2)))",4,60,200,"mul(18, r1)",3
1169,3,"mul(r1,add(r1,add(r1,i2)))",4,60,300,"mul(18, r1)",3
1170,3,"mul(r2,add(r1,add(r1,i2)))",0,20,100,"add(mul(r2, add(i0, i2)), r1)",3
1171,3,"mul(r2,add(r1,add(r1,i2)))",0,20,200,"add(r1, add(i1, mul(r2, add(i0, i2))))",3
1172,3,"mul(r2,add(r1,add(r1,i2)))",0,20,300,"mul(r2, add(i0, r1))",3
1173,3,"mul(r2,add(r1,add(r1,i2)))",0,40,100,"mul(r2, add(i0, r1))",3
1174,3,"mul(r2,add(r1,add(r1,i2)))",0,40,200,"mul(r2, add(r0, r1))",3
1175,3,"mul(r2,add(r1,add(r1,i2)))",0,40,300,"mul(r2, add(r0, r1))",3
1176,3,"mul(r2,add(r1,add(r1,i2)))",0,60,100,"mul(i2, add(r1, r2))",3
1177,3,"mul(r2,add(r1,add(r1,i2)))",0,60,200,"mul(r2, add(r1, r2))",3
1178,3,"mul(r2,add(r1,add(r1,i2)))",0,60,300,"mul(r2, add(r1, r2))",3
1179,3,"mul(r2,add(r1,add(r1,i2)))",1,20,100,"mul(8, r2)",3
1180,3,"mul(r2,add(r1,add(r1,i2)))",1,20,200,"mul(r2, add(7, i0))",3
1181,3,"mul(r2,add(r1,add(r1,i2)))",1,20,300,"mul(2, mul(r1, r2))",3
1182,3,"mul(r2,add(r1,add(r1,i2)))",1,40,100,"mul(8, r2)",3
1183,3,"mul(r2,add(r1,add(r1,i2)))",1,40,200,"mul(r2, add(r0, r1))",3
1184,3,"mul(r2,add(r1,add(r1,i2)))",1,40,300,"mul(2, mul(r1, r2))",3
1185,3,"mul(r2,add(r1,add(r1,i2)))",1,60,100,"add(mul(r1, add(r2, r1)), i1)",3
1186,3,"mul(r2,add(r1,add(r1,i2)))",1,60,200,"add(42, mul(r1, r2))",3
1187,3,"mul(r2,add(r1,add(r1,i2)))",1,60,300,"add(42, mul(r1, r2))",3
1188,3,"mul(r2,add(r1,add(r1,i2)))",2,20,100,"add(i2, mul(2, mul(r1, r2)))",3
1189,3,"mul(r2,add(r1,add(r1,i2)))",2,20,200,"add(i2, mul(2, mul(r1, r2)))",3
1190,3,"mul(r2,add(r1,add(r1,i2)))",2,20,300,"add(i2, mul(2, mul(r1, r2)))",3
1191,3,"mul(r2,add(r1,add(r1,i2)))",2,40,100,"mul(r1, add(r1, r2))",3
1192,3,"mul(r2,add(r1,add(r1,i2)))",2,40,200,"mul(r2, add(r2, i2))",3
1193,3,"mul(r2,add(r1,add(r1,i2)))",2,40,300,"add(i2, mul(2, mul(r1, r2)))",3
1194,3,"mul(r2,add(r1,add(r1,i2)))",2,60,100,"add(i2, mul(8, r2))",3
1195,3,"mul(r2,add(r1,add(r1,i2)))",2,60,200,"mul(r2, add(5, r1))",3
1196,3,"mul(r2,add(r1,add(r1,i2)))",2,60,300,"mul(r2, add(mul(2, r1), i0))",3
1197,3,"mul(r2,add(r1,add(r1,i2)))",3,20,100,"mul(3, mul(r1, r2))",3
1198,3,"mul(r2,add(r1,add(r1,i2)))",3,20,200,"mul(3, mul(r1, r2))",3
1199,3,"mul(r2,add(r1,add(r1,i2)))",3,20,300,"mul(3, mul(r1, r2))",3
1200,3,"mul(r2,add(r1,add(r1,i2)))",3,40,100,"mul(r1, add(r2, r1))",3
1201,3,"mul(r2,add(r1,add(r1,i2)))",3,40,200,"mul(15, r2)",3
1202,3,"mul(r2,add(r1,add(r1,i2)))",3,40,300,"mul(r2, add(9, r1))",3
1203,3,"mul(r2,add(r1,add(r1,i2)))",3,60,100,"mul(r2, add(6, r1))",3
1204,3,"mul(r2,add(r1,add(r1,i2)))",3,60,200,"mul(r2, add(6, r1))",3
1205,3,"mul(r2,add(r1,add(r1,i2)))",3,60,300,"mul(r2, add(i2, r1))",3
1206,3,"mul(r2,add(r1,add(r1,i2)))",4,20,100,"add(6, mul(2, mul(r1, r2)))",3
1207,3,"mul(r2,add(r1,add(r1,i2)))",4,20,200,"mul(2, mul(r1, r2))",3
1208,3,"mul(r2,add(r1,add(r1,i2)))",4,20,300,"add(6, add(mul(6, r2), mul(r1, r2)))",3
1209,3,"mul(r2,add(r1,add(r1,i2)))",4,40,100,"add(mul(7, r2), mul(7, i2))",3
1210,3,"mul(r2,add(r1,add(r1,i2)))",4,40,200,"mul(9, r2)",3
1211,3,"mul(r2,add(r1,add(r1,i2)))",4,40,300,"mul(r2, add(6, r1))",3
1212,3,"mul(r2,add(r1,add(r1,i2)))",4,60,100,"add(mul(r1, r1), add(i2, add(r2, r0)))",3
1213,3,"mul(r2,add(r1,add(r1,i2)))",4,60,200,"mul(r2, add(r0, r1))",3
1214,3,"mul(r2,add(r1,add(r1,i2)))",4,60,300,"mul(r2, add(9, r1))",3
